,Unnamed: 0,Unnamed: 0.1,Unnamed: 0.1.1,Unnamed: 0.1.1.1,Unnamed: 0.1.1.1.1,id,description,steam_appid
0,0.0,0.0,0.0,0.0,0.0,2,Single-player,1877200
1,1.0,1.0,1.0,1.0,1.0,21,Downloadable Content,1877200
2,2.0,2.0,2.0,2.0,2.0,23,Steam Cloud,1877200
3,3.0,3.0,3.0,3.0,0.0,10,Game demo,1877220
4,4.0,4.0,4.0,4.0,0.0,1,Multi-player,1877250
5,5.0,5.0,5.0,5.0,1.0,9,Co-op,1877250
6,6.0,6.0,6.0,6.0,2.0,38,Online Co-op,1877250
7,7.0,7.0,7.0,7.0,3.0,22,Steam Achievements,1877250
8,8.0,8.0,8.0,8.0,4.0,28,Full controller support,1877250
9,9.0,9.0,9.0,9.0,5.0,23,Steam Cloud,1877250
10,10.0,10.0,10.0,10.0,0.0,2,Single-player,1877300
11,11.0,11.0,11.0,11.0,1.0,23,Steam Cloud,1877300
12,12.0,12.0,12.0,12.0,0.0,2,Single-player,1877310
13,13.0,13.0,13.0,13.0,1.0,10,Game demo,1877310
14,14.0,14.0,14.0,14.0,0.0,2,Single-player,1877330
15,15.0,15.0,15.0,15.0,1.0,18,Partial Controller Support,1877330
16,16.0,16.0,16.0,16.0,0.0,2,Single-player,1877350
17,17.0,17.0,17.0,17.0,1.0,22,Steam Achievements,1877350
18,18.0,18.0,18.0,18.0,2.0,18,Partial Controller Support,1877350
19,19.0,19.0,19.0,19.0,3.0,23,Steam Cloud,1877350
20,20.0,20.0,20.0,20.0,0.0,2,Single-player,1877360
21,21.0,21.0,21.0,21.0,1.0,1,Multi-player,1877360
22,22.0,22.0,22.0,22.0,2.0,9,Co-op,1877360
23,23.0,23.0,23.0,23.0,3.0,38,Online Co-op,1877360
24,24.0,24.0,24.0,24.0,4.0,22,Steam Achievements,1877360
25,25.0,25.0,25.0,25.0,5.0,18,Partial Controller Support,1877360
26,26.0,26.0,26.0,26.0,0.0,2,Single-player,1877370
27,27.0,27.0,27.0,27.0,1.0,1,Multi-player,1877370
28,28.0,28.0,28.0,28.0,2.0,49,PvP,1877370
29,29.0,29.0,29.0,29.0,3.0,37,Shared/Split Screen PvP,1877370
30,30.0,30.0,30.0,30.0,4.0,9,Co-op,1877370
31,31.0,31.0,31.0,31.0,5.0,39,Shared/Split Screen Co-op,1877370
32,32.0,32.0,32.0,32.0,6.0,24,Shared/Split Screen,1877370
33,33.0,33.0,33.0,33.0,7.0,22,Steam Achievements,1877370
34,34.0,34.0,34.0,34.0,8.0,28,Full controller support,1877370
35,35.0,35.0,35.0,35.0,9.0,15,Stats,1877370
36,36.0,36.0,36.0,36.0,10.0,17,Includes level editor,1877370
37,37.0,37.0,37.0,37.0,11.0,44,Remote Play Together,1877370
38,38.0,38.0,38.0,38.0,0.0,2,Single-player,1877410
39,39.0,39.0,39.0,39.0,0.0,2,Single-player,1877440
40,40.0,40.0,40.0,40.0,1.0,23,Steam Cloud,1877440
41,41.0,41.0,41.0,41.0,0.0,2,Single-player,1877450
42,42.0,42.0,42.0,42.0,1.0,10,Game demo,1877450
43,43.0,43.0,43.0,43.0,0.0,2,Single-player,1877460
44,44.0,44.0,44.0,44.0,1.0,22,Steam Achievements,1877460
45,45.0,45.0,45.0,45.0,0.0,2,Single-player,1877470
46,46.0,46.0,46.0,46.0,1.0,10,Game demo,1877470
47,47.0,47.0,47.0,47.0,2.0,28,Full controller support,1877470
48,48.0,48.0,48.0,48.0,0.0,2,Single-player,1877480
49,49.0,49.0,49.0,49.0,1.0,22,Steam Achievements,1877480
50,50.0,50.0,50.0,50.0,2.0,28,Full controller support,1877480
51,51.0,51.0,51.0,51.0,3.0,23,Steam Cloud,1877480
52,52.0,52.0,52.0,52.0,0.0,2,Single-player,1877510
53,53.0,53.0,53.0,53.0,1.0,22,Steam Achievements,1877510
54,54.0,54.0,54.0,54.0,2.0,28,Full controller support,1877510
55,55.0,55.0,55.0,55.0,0.0,2,Single-player,1877520
56,56.0,56.0,56.0,56.0,0.0,2,Single-player,1877530
57,57.0,57.0,57.0,57.0,1.0,10,Game demo,1877530
58,58.0,58.0,58.0,58.0,2.0,28,Full controller support,1877530
59,59.0,59.0,59.0,59.0,0.0,2,Single-player,1877540
60,60.0,60.0,60.0,60.0,1.0,21,Downloadable Content,1877540
61,61.0,61.0,61.0,61.0,0.0,2,Single-player,1877550
62,62.0,62.0,62.0,62.0,1.0,21,Downloadable Content,1877550
63,63.0,63.0,63.0,63.0,0.0,2,Single-player,1877580
64,64.0,64.0,64.0,64.0,0.0,2,Single-player,1877650
65,65.0,65.0,65.0,65.0,0.0,2,Single-player,1877710
66,66.0,66.0,66.0,66.0,1.0,22,Steam Achievements,1877710
67,67.0,67.0,67.0,67.0,0.0,2,Single-player,1876810
68,68.0,68.0,68.0,68.0,1.0,22,Steam Achievements,1876810
69,69.0,69.0,69.0,69.0,2.0,23,Steam Cloud,1876810
70,70.0,70.0,70.0,70.0,0.0,2,Single-player,1876830
71,71.0,71.0,71.0,71.0,0.0,2,Single-player,1876900
72,72.0,72.0,72.0,72.0,0.0,2,Single-player,1876910
73,73.0,73.0,73.0,73.0,1.0,22,Steam Achievements,1876910
74,74.0,74.0,74.0,74.0,2.0,28,Full controller support,1876910
75,75.0,75.0,75.0,75.0,3.0,25,Steam Leaderboards,1876910
76,76.0,76.0,76.0,76.0,0.0,2,Single-player,1876920
77,77.0,77.0,77.0,77.0,0.0,21,Downloadable Content,1876940
78,78.0,78.0,78.0,78.0,0.0,2,Single-player,1876980
79,79.0,79.0,79.0,79.0,0.0,2,Single-player,1876990
80,80.0,80.0,80.0,80.0,1.0,1,Multi-player,1876990
81,81.0,81.0,81.0,81.0,2.0,49,PvP,1876990
82,82.0,82.0,82.0,82.0,3.0,36,Online PvP,1876990
83,83.0,83.0,83.0,83.0,4.0,9,Co-op,1876990
84,84.0,84.0,84.0,84.0,5.0,38,Online Co-op,1876990
85,85.0,85.0,85.0,85.0,6.0,21,Downloadable Content,1876990
86,86.0,86.0,86.0,86.0,7.0,22,Steam Achievements,1876990
87,87.0,87.0,87.0,87.0,8.0,29,Steam Trading Cards,1876990
88,88.0,88.0,88.0,88.0,9.0,23,Steam Cloud,1876990
89,89.0,89.0,89.0,89.0,0.0,2,Single-player,1877000
90,90.0,90.0,90.0,90.0,1.0,1,Multi-player,1877000
91,91.0,91.0,91.0,91.0,2.0,49,PvP,1877000
92,92.0,92.0,92.0,92.0,3.0,37,Shared/Split Screen PvP,1877000
93,93.0,93.0,93.0,93.0,4.0,24,Shared/Split Screen,1877000
94,94.0,94.0,94.0,94.0,5.0,22,Steam Achievements,1877000
95,95.0,95.0,95.0,95.0,6.0,28,Full controller support,1877000
96,96.0,96.0,96.0,96.0,7.0,23,Steam Cloud,1877000
97,97.0,97.0,97.0,97.0,8.0,44,Remote Play Together,1877000
98,98.0,98.0,98.0,98.0,0.0,2,Single-player,1877010
99,99.0,99.0,99.0,99.0,1.0,1,Multi-player,1877010
100,100.0,100.0,100.0,100.0,2.0,9,Co-op,1877010
101,101.0,101.0,101.0,101.0,3.0,27,Cross-Platform Multiplayer,1877010
102,102.0,102.0,102.0,102.0,4.0,21,Downloadable Content,1877010
103,103.0,103.0,103.0,103.0,5.0,22,Steam Achievements,1877010
104,104.0,104.0,104.0,104.0,6.0,29,Steam Trading Cards,1877010
105,105.0,105.0,105.0,105.0,7.0,30,Steam Workshop,1877010
106,106.0,106.0,106.0,106.0,8.0,23,Steam Cloud,1877010
107,107.0,107.0,107.0,107.0,9.0,42,Remote Play on Tablet,1877010
108,108.0,108.0,108.0,108.0,0.0,2,Single-player,1877030
109,109.0,109.0,109.0,109.0,1.0,10,Game demo,1877030
110,110.0,110.0,110.0,110.0,2.0,18,Partial Controller Support,1877030
111,111.0,111.0,111.0,111.0,0.0,2,Single-player,1877060
112,112.0,112.0,112.0,112.0,1.0,18,Partial Controller Support,1877060
113,113.0,113.0,113.0,0.0,,2,Single-player,1877120
114,114.0,114.0,114.0,1.0,,1,Multi-player,1877120
115,115.0,115.0,115.0,2.0,,9,Co-op,1877120
116,116.0,116.0,116.0,3.0,,39,Shared/Split Screen Co-op,1877120
117,117.0,117.0,117.0,4.0,,24,Shared/Split Screen,1877120
118,118.0,118.0,118.0,5.0,,21,Downloadable Content,1877120
119,119.0,119.0,119.0,6.0,,22,Steam Achievements,1877120
120,120.0,120.0,120.0,7.0,,28,Full controller support,1877120
121,121.0,121.0,121.0,8.0,,23,Steam Cloud,1877120
122,122.0,122.0,122.0,9.0,,15,Stats,1877120
123,123.0,123.0,123.0,10.0,,25,Steam Leaderboards,1877120
124,124.0,124.0,124.0,11.0,,43,Remote Play on TV,1877120
125,125.0,125.0,125.0,12.0,,44,Remote Play Together,1877120
126,126.0,126.0,126.0,0.0,,2,Single-player,1877160
127,127.0,127.0,127.0,1.0,,28,Full controller support,1877160
128,128.0,128.0,128.0,0.0,,2,Single-player,1876310
129,129.0,129.0,129.0,1.0,,10,Game demo,1876310
130,130.0,130.0,130.0,0.0,,2,Single-player,1876320
131,131.0,131.0,131.0,1.0,,10,Game demo,1876320
132,132.0,132.0,132.0,2.0,,28,Full controller support,1876320
133,133.0,133.0,133.0,0.0,,2,Single-player,1876330
134,134.0,134.0,134.0,1.0,,35,In-App Purchases,1876330
135,135.0,135.0,135.0,0.0,,2,Single-player,1876340
136,136.0,136.0,136.0,1.0,,28,Full controller support,1876340
137,137.0,137.0,137.0,0.0,,2,Single-player,1876360
138,138.0,138.0,138.0,1.0,,22,Steam Achievements,1876360
139,139.0,139.0,139.0,2.0,,28,Full controller support,1876360
140,140.0,140.0,140.0,0.0,,2,Single-player,1876370
141,141.0,141.0,141.0,1.0,,10,Game demo,1876370
142,142.0,142.0,142.0,0.0,,2,Single-player,1876390
143,143.0,143.0,143.0,0.0,,2,Single-player,1876410
144,144.0,144.0,144.0,0.0,,2,Single-player,1876430
145,145.0,145.0,145.0,0.0,,2,Single-player,1876470
146,146.0,146.0,146.0,0.0,,2,Single-player,1876510
147,147.0,147.0,147.0,1.0,,10,Game demo,1876510
148,148.0,148.0,148.0,0.0,,2,Single-player,1876520
149,149.0,149.0,149.0,1.0,,10,Game demo,1876520
150,150.0,150.0,150.0,2.0,,28,Full controller support,1876520
151,151.0,151.0,151.0,0.0,,2,Single-player,1876530
152,152.0,152.0,152.0,0.0,,2,Single-player,1876560
153,153.0,153.0,153.0,0.0,,2,Single-player,1876600
154,154.0,154.0,154.0,1.0,,10,Game demo,1876600
155,155.0,155.0,155.0,0.0,,2,Single-player,1876610
156,156.0,156.0,156.0,1.0,,10,Game demo,1876610
157,157.0,157.0,157.0,2.0,,28,Full controller support,1876610
158,158.0,158.0,158.0,3.0,,16,Includes Source SDK,1876610
159,159.0,159.0,159.0,0.0,,21,Downloadable Content,1876620
160,160.0,160.0,160.0,1.0,,29,Steam Trading Cards,1876620
161,161.0,161.0,161.0,2.0,,30,Steam Workshop,1876620
162,162.0,162.0,162.0,0.0,,21,Downloadable Content,1876630
163,163.0,163.0,163.0,1.0,,29,Steam Trading Cards,1876630
164,164.0,164.0,164.0,2.0,,30,Steam Workshop,1876630
165,165.0,165.0,165.0,3.0,,18,Partial Controller Support,1876630
166,166.0,166.0,166.0,0.0,,21,Downloadable Content,1876640
167,167.0,167.0,167.0,1.0,,30,Steam Workshop,1876640
168,168.0,168.0,168.0,2.0,,18,Partial Controller Support,1876640
169,169.0,169.0,169.0,0.0,,21,Downloadable Content,1876650
170,170.0,170.0,170.0,0.0,,23,Steam Cloud,1876660
171,171.0,171.0,171.0,0.0,,2,Single-player,1876670
172,172.0,172.0,172.0,1.0,,22,Steam Achievements,1876670
173,173.0,173.0,173.0,2.0,,28,Full controller support,1876670
174,174.0,174.0,174.0,0.0,,2,Single-player,1876680
175,175.0,175.0,175.0,0.0,,2,Single-player,1876690
176,176.0,176.0,176.0,0.0,,2,Single-player,1876720
177,177.0,177.0,177.0,1.0,,22,Steam Achievements,1876720
178,178.0,178.0,178.0,0.0,,2,Single-player,1876730
179,179.0,179.0,179.0,0.0,,2,Single-player,1876740
180,180.0,180.0,180.0,1.0,,1,Multi-player,1876740
181,181.0,181.0,181.0,2.0,,20,MMO,1876740
182,182.0,182.0,182.0,3.0,,49,PvP,1876740
183,183.0,183.0,183.0,4.0,,36,Online PvP,1876740
184,184.0,184.0,184.0,5.0,,37,Shared/Split Screen PvP,1876740
185,185.0,185.0,185.0,6.0,,9,Co-op,1876740
186,186.0,186.0,186.0,7.0,,38,Online Co-op,1876740
187,187.0,187.0,187.0,8.0,,24,Shared/Split Screen,1876740
188,188.0,188.0,188.0,9.0,,27,Cross-Platform Multiplayer,1876740
189,189.0,189.0,189.0,10.0,,35,In-App Purchases,1876740
190,190.0,190.0,190.0,11.0,,44,Remote Play Together,1876740
191,191.0,191.0,191.0,0.0,,2,Single-player,1876750
192,192.0,192.0,192.0,1.0,,1,Multi-player,1876750
193,193.0,193.0,193.0,2.0,,49,PvP,1876750
194,194.0,194.0,194.0,3.0,,37,Shared/Split Screen PvP,1876750
195,195.0,195.0,195.0,4.0,,24,Shared/Split Screen,1876750
196,196.0,196.0,196.0,5.0,,18,Partial Controller Support,1876750
197,197.0,197.0,197.0,0.0,,2,Single-player,1876760
198,198.0,198.0,198.0,1.0,,10,Game demo,1876760
199,199.0,199.0,199.0,0.0,,2,Single-player,1875810
200,200.0,200.0,200.0,1.0,,1,Multi-player,1875810
201,201.0,201.0,201.0,2.0,,9,Co-op,1875810
202,202.0,202.0,202.0,3.0,,38,Online Co-op,1875810
203,203.0,203.0,203.0,4.0,,22,Steam Achievements,1875810
204,204.0,204.0,204.0,5.0,,18,Partial Controller Support,1875810
205,205.0,205.0,205.0,0.0,,2,Single-player,1875850
206,206.0,206.0,206.0,0.0,,2,Single-player,1875890
207,207.0,207.0,207.0,1.0,,21,Downloadable Content,1875890
208,208.0,208.0,208.0,2.0,,18,Partial Controller Support,1875890
209,209.0,209.0,209.0,0.0,,50,Additional High-Quality Audio,1875910
210,210.0,210.0,210.0,0.0,,2,Single-player,1875950
211,211.0,211.0,211.0,0.0,,2,Single-player,1875960
212,212.0,212.0,212.0,1.0,,10,Game demo,1875960
213,213.0,213.0,213.0,0.0,,2,Single-player,1875980
214,214.0,214.0,214.0,0.0,,2,Single-player,1876010
215,215.0,215.0,215.0,1.0,,28,Full controller support,1876010
216,216.0,216.0,216.0,0.0,,2,Single-player,1876020
217,217.0,217.0,217.0,1.0,,1,Multi-player,1876020
218,218.0,218.0,218.0,2.0,,9,Co-op,1876020
219,219.0,219.0,219.0,3.0,,38,Online Co-op,1876020
220,220.0,220.0,220.0,4.0,,39,Shared/Split Screen Co-op,1876020
221,221.0,221.0,221.0,5.0,,24,Shared/Split Screen,1876020
222,222.0,222.0,222.0,6.0,,27,Cross-Platform Multiplayer,1876020
223,223.0,223.0,223.0,7.0,,21,Downloadable Content,1876020
224,224.0,224.0,224.0,8.0,,22,Steam Achievements,1876020
225,225.0,225.0,225.0,9.0,,28,Full controller support,1876020
226,226.0,226.0,226.0,10.0,,29,Steam Trading Cards,1876020
227,227.0,227.0,227.0,11.0,,23,Steam Cloud,1876020
228,228.0,228.0,228.0,12.0,,43,Remote Play on TV,1876020
229,229.0,229.0,229.0,13.0,,44,Remote Play Together,1876020
230,230.0,230.0,230.0,0.0,,2,Single-player,1876050
231,231.0,231.0,231.0,0.0,,2,Single-player,1876080
232,232.0,232.0,232.0,1.0,,10,Game demo,1876080
233,233.0,233.0,233.0,0.0,,2,Single-player,1876120
234,234.0,234.0,234.0,0.0,,2,Single-player,1876130
235,235.0,235.0,235.0,1.0,,1,Multi-player,1876130
236,236.0,236.0,236.0,2.0,,49,PvP,1876130
237,237.0,237.0,237.0,3.0,,36,Online PvP,1876130
238,238.0,238.0,238.0,4.0,,37,Shared/Split Screen PvP,1876130
239,239.0,239.0,239.0,5.0,,24,Shared/Split Screen,1876130
240,240.0,240.0,240.0,6.0,,27,Cross-Platform Multiplayer,1876130
241,241.0,241.0,241.0,7.0,,28,Full controller support,1876130
242,242.0,242.0,242.0,8.0,,44,Remote Play Together,1876130
243,243.0,243.0,243.0,0.0,,2,Single-player,1876150
244,244.0,244.0,244.0,1.0,,22,Steam Achievements,1876150
245,245.0,245.0,245.0,0.0,,2,Single-player,1876180
246,246.0,246.0,246.0,0.0,,2,Single-player,1876190
247,247.0,247.0,247.0,1.0,,10,Game demo,1876190
248,248.0,248.0,248.0,0.0,,1,Multi-player,1876220
249,249.0,249.0,249.0,1.0,,49,PvP,1876220
250,250.0,250.0,250.0,2.0,,36,Online PvP,1876220
251,251.0,251.0,251.0,3.0,,27,Cross-Platform Multiplayer,1876220
252,252.0,252.0,252.0,4.0,,22,Steam Achievements,1876220
253,253.0,253.0,253.0,5.0,,44,Remote Play Together,1876220
254,254.0,254.0,254.0,0.0,,50,Additional High-Quality Audio,1876290
255,255.0,255.0,255.0,0.0,,2,Single-player,1875350
256,256.0,256.0,256.0,1.0,,28,Full controller support,1875350
257,257.0,257.0,257.0,0.0,,2,Single-player,1875360
258,258.0,258.0,258.0,1.0,,22,Steam Achievements,1875360
259,259.0,259.0,259.0,0.0,,2,Single-player,1875380
260,260.0,260.0,260.0,0.0,,2,Single-player,1875390
261,261.0,261.0,261.0,1.0,,10,Game demo,1875390
262,262.0,262.0,262.0,2.0,,22,Steam Achievements,1875390
263,263.0,263.0,263.0,3.0,,28,Full controller support,1875390
264,264.0,264.0,264.0,0.0,,2,Single-player,1875410
265,265.0,265.0,265.0,0.0,,2,Single-player,1875470
266,266.0,266.0,266.0,1.0,,22,Steam Achievements,1875470
267,267.0,267.0,267.0,2.0,,28,Full controller support,1875470
268,268.0,268.0,268.0,0.0,,2,Single-player,1875490
269,269.0,269.0,269.0,1.0,,10,Game demo,1875490
270,270.0,270.0,270.0,0.0,,2,Single-player,1875520
271,271.0,271.0,271.0,0.0,,2,Single-player,1875530
272,272.0,272.0,272.0,0.0,,2,Single-player,1875540
273,273.0,273.0,273.0,0.0,,10,Game demo,1875550
274,274.0,274.0,274.0,0.0,,2,Single-player,1875560
275,275.0,275.0,275.0,1.0,,22,Steam Achievements,1875560
276,276.0,276.0,276.0,2.0,,23,Steam Cloud,1875560
277,277.0,277.0,277.0,0.0,,2,Single-player,1875580
278,278.0,278.0,278.0,1.0,,28,Full controller support,1875580
279,279.0,279.0,279.0,0.0,,2,Single-player,1875590
280,280.0,280.0,280.0,1.0,,1,Multi-player,1875590
281,281.0,281.0,281.0,2.0,,20,MMO,1875590
282,282.0,282.0,282.0,3.0,,49,PvP,1875590
283,283.0,283.0,283.0,4.0,,36,Online PvP,1875590
284,284.0,284.0,284.0,5.0,,9,Co-op,1875590
285,285.0,285.0,285.0,6.0,,38,Online Co-op,1875590
286,286.0,286.0,286.0,7.0,,35,In-App Purchases,1875590
287,287.0,287.0,287.0,0.0,,2,Single-player,1875600
288,288.0,288.0,288.0,0.0,,2,Single-player,1875610
289,289.0,289.0,289.0,1.0,,18,Partial Controller Support,1875610
290,290.0,290.0,290.0,0.0,,2,Single-player,1875640
291,291.0,291.0,291.0,1.0,,21,Downloadable Content,1875640
292,292.0,292.0,292.0,0.0,,2,Single-player,1875660
293,293.0,293.0,293.0,1.0,,21,Downloadable Content,1875660
294,294.0,294.0,294.0,0.0,,10,Game demo,1875690
295,295.0,295.0,295.0,0.0,,2,Single-player,1875710
296,296.0,296.0,296.0,0.0,,1,Multi-player,1875720
297,297.0,297.0,297.0,1.0,,49,PvP,1875720
298,298.0,298.0,298.0,2.0,,36,Online PvP,1875720
299,299.0,299.0,299.0,3.0,,9,Co-op,1875720
300,300.0,300.0,300.0,4.0,,38,Online Co-op,1875720
301,301.0,301.0,301.0,0.0,,2,Single-player,1875750
302,302.0,302.0,302.0,0.0,,2,Single-player,1875770
303,303.0,303.0,303.0,1.0,,28,Full controller support,1875770
304,304.0,304.0,304.0,0.0,,2,Single-player,1875800
305,305.0,305.0,305.0,1.0,,22,Steam Achievements,1875800
306,306.0,306.0,306.0,2.0,,15,Stats,1875800
307,307.0,307.0,307.0,3.0,,25,Steam Leaderboards,1875800
308,308.0,308.0,0.0,,,2,Single-player,1874850
309,309.0,309.0,1.0,,,21,Downloadable Content,1874850
310,310.0,310.0,0.0,,,2,Single-player,1874890
311,311.0,311.0,1.0,,,21,Downloadable Content,1874890
312,312.0,312.0,2.0,,,22,Steam Achievements,1874890
313,313.0,313.0,3.0,,,28,Full controller support,1874890
314,314.0,314.0,4.0,,,29,Steam Trading Cards,1874890
315,315.0,315.0,5.0,,,41,Remote Play on Phone,1874890
316,316.0,316.0,6.0,,,42,Remote Play on Tablet,1874890
317,317.0,317.0,0.0,,,2,Single-player,1874920
318,318.0,318.0,0.0,,,2,Single-player,1874930
319,319.0,319.0,1.0,,,10,Game demo,1874930
320,320.0,320.0,0.0,,,1,Multi-player,1874950
321,321.0,321.0,1.0,,,49,PvP,1874950
322,322.0,322.0,2.0,,,36,Online PvP,1874950
323,323.0,323.0,3.0,,,47,LAN PvP,1874950
324,324.0,324.0,4.0,,,37,Shared/Split Screen PvP,1874950
325,325.0,325.0,5.0,,,24,Shared/Split Screen,1874950
326,326.0,326.0,6.0,,,28,Full controller support,1874950
327,327.0,327.0,7.0,,,44,Remote Play Together,1874950
328,328.0,328.0,0.0,,,1,Multi-player,1874970
329,329.0,329.0,1.0,,,49,PvP,1874970
330,330.0,330.0,2.0,,,36,Online PvP,1874970
331,331.0,331.0,3.0,,,9,Co-op,1874970
332,332.0,332.0,4.0,,,38,Online Co-op,1874970
333,333.0,333.0,5.0,,,21,Downloadable Content,1874970
334,334.0,334.0,6.0,,,22,Steam Achievements,1874970
335,335.0,335.0,7.0,,,23,Steam Cloud,1874970
336,336.0,336.0,8.0,,,8,Valve Anti-Cheat enabled,1874970
337,337.0,337.0,0.0,,,1,Multi-player,1874971
338,338.0,338.0,1.0,,,49,PvP,1874971
339,339.0,339.0,2.0,,,36,Online PvP,1874971
340,340.0,340.0,3.0,,,9,Co-op,1874971
341,341.0,341.0,4.0,,,38,Online Co-op,1874971
342,342.0,342.0,5.0,,,21,Downloadable Content,1874971
343,343.0,343.0,6.0,,,22,Steam Achievements,1874971
344,344.0,344.0,7.0,,,23,Steam Cloud,1874971
345,345.0,345.0,8.0,,,8,Valve Anti-Cheat enabled,1874971
346,346.0,346.0,0.0,,,1,Multi-player,1874972
347,347.0,347.0,1.0,,,49,PvP,1874972
348,348.0,348.0,2.0,,,36,Online PvP,1874972
349,349.0,349.0,3.0,,,9,Co-op,1874972
350,350.0,350.0,4.0,,,38,Online Co-op,1874972
351,351.0,351.0,5.0,,,21,Downloadable Content,1874972
352,352.0,352.0,6.0,,,22,Steam Achievements,1874972
353,353.0,353.0,7.0,,,23,Steam Cloud,1874972
354,354.0,354.0,8.0,,,8,Valve Anti-Cheat enabled,1874972
355,355.0,355.0,0.0,,,1,Multi-player,1874973
356,356.0,356.0,1.0,,,49,PvP,1874973
357,357.0,357.0,2.0,,,36,Online PvP,1874973
358,358.0,358.0,3.0,,,9,Co-op,1874973
359,359.0,359.0,4.0,,,38,Online Co-op,1874973
360,360.0,360.0,5.0,,,21,Downloadable Content,1874973
361,361.0,361.0,6.0,,,22,Steam Achievements,1874973
362,362.0,362.0,7.0,,,23,Steam Cloud,1874973
363,363.0,363.0,8.0,,,8,Valve Anti-Cheat enabled,1874973
364,364.0,364.0,0.0,,,1,Multi-player,1874974
365,365.0,365.0,1.0,,,49,PvP,1874974
366,366.0,366.0,2.0,,,36,Online PvP,1874974
367,367.0,367.0,3.0,,,9,Co-op,1874974
368,368.0,368.0,4.0,,,38,Online Co-op,1874974
369,369.0,369.0,5.0,,,21,Downloadable Content,1874974
370,370.0,370.0,6.0,,,22,Steam Achievements,1874974
371,371.0,371.0,7.0,,,23,Steam Cloud,1874974
372,372.0,372.0,8.0,,,8,Valve Anti-Cheat enabled,1874974
373,373.0,373.0,0.0,,,1,Multi-player,1874975
374,374.0,374.0,1.0,,,49,PvP,1874975
375,375.0,375.0,2.0,,,36,Online PvP,1874975
376,376.0,376.0,3.0,,,9,Co-op,1874975
377,377.0,377.0,4.0,,,38,Online Co-op,1874975
378,378.0,378.0,5.0,,,21,Downloadable Content,1874975
379,379.0,379.0,6.0,,,22,Steam Achievements,1874975
380,380.0,380.0,7.0,,,23,Steam Cloud,1874975
381,381.0,381.0,8.0,,,8,Valve Anti-Cheat enabled,1874975
382,382.0,382.0,0.0,,,1,Multi-player,1874976
383,383.0,383.0,1.0,,,49,PvP,1874976
384,384.0,384.0,2.0,,,36,Online PvP,1874976
385,385.0,385.0,3.0,,,9,Co-op,1874976
386,386.0,386.0,4.0,,,38,Online Co-op,1874976
387,387.0,387.0,5.0,,,21,Downloadable Content,1874976
388,388.0,388.0,6.0,,,22,Steam Achievements,1874976
389,389.0,389.0,7.0,,,23,Steam Cloud,1874976
390,390.0,390.0,8.0,,,8,Valve Anti-Cheat enabled,1874976
391,391.0,391.0,0.0,,,2,Single-player,1874990
392,392.0,392.0,0.0,,,2,Single-player,1875000
393,393.0,393.0,1.0,,,22,Steam Achievements,1875000
394,394.0,394.0,2.0,,,18,Partial Controller Support,1875000
395,395.0,395.0,0.0,,,2,Single-player,1875080
396,396.0,396.0,1.0,,,10,Game demo,1875080
397,397.0,397.0,2.0,,,28,Full controller support,1875080
398,398.0,398.0,3.0,,,23,Steam Cloud,1875080
399,399.0,399.0,0.0,,,2,Single-player,1875090
400,400.0,400.0,1.0,,,10,Game demo,1875090
401,401.0,401.0,0.0,,,1,Multi-player,1875110
402,402.0,402.0,1.0,,,49,PvP,1875110
403,403.0,403.0,2.0,,,36,Online PvP,1875110
404,404.0,404.0,3.0,,,10,Game demo,1875110
405,405.0,405.0,0.0,,,2,Single-player,1875140
406,406.0,406.0,0.0,,,2,Single-player,1875160
407,407.0,407.0,0.0,,,2,Single-player,1875180
408,408.0,408.0,1.0,,,1,Multi-player,1875180
409,409.0,409.0,2.0,,,9,Co-op,1875180
410,410.0,410.0,3.0,,,39,Shared/Split Screen Co-op,1875180
411,411.0,411.0,4.0,,,24,Shared/Split Screen,1875180
412,412.0,412.0,5.0,,,22,Steam Achievements,1875180
413,413.0,413.0,6.0,,,28,Full controller support,1875180
414,414.0,414.0,7.0,,,23,Steam Cloud,1875180
415,415.0,415.0,0.0,,,2,Single-player,1875190
416,416.0,416.0,1.0,,,21,Downloadable Content,1875190
417,417.0,417.0,0.0,,,2,Single-player,1875230
418,418.0,418.0,1.0,,,28,Full controller support,1875230
419,419.0,419.0,0.0,,,2,Single-player,1875240
420,420.0,420.0,1.0,,,1,Multi-player,1875240
421,421.0,421.0,2.0,,,9,Co-op,1875240
422,422.0,422.0,3.0,,,39,Shared/Split Screen Co-op,1875240
423,423.0,423.0,4.0,,,24,Shared/Split Screen,1875240
424,424.0,424.0,5.0,,,10,Game demo,1875240
425,425.0,425.0,6.0,,,18,Partial Controller Support,1875240
426,426.0,426.0,7.0,,,44,Remote Play Together,1875240
427,427.0,427.0,0.0,,,2,Single-player,1875250
428,428.0,428.0,1.0,,,22,Steam Achievements,1875250
429,429.0,429.0,0.0,,,2,Single-player,1875280
430,430.0,430.0,1.0,,,1,Multi-player,1875280
431,431.0,431.0,2.0,,,9,Co-op,1875280
432,432.0,432.0,3.0,,,39,Shared/Split Screen Co-op,1875280
433,433.0,433.0,4.0,,,24,Shared/Split Screen,1875280
434,434.0,434.0,5.0,,,22,Steam Achievements,1875280
435,435.0,435.0,6.0,,,28,Full controller support,1875280
436,436.0,436.0,7.0,,,44,Remote Play Together,1875280
437,437.0,437.0,0.0,,,2,Single-player,1874480
438,438.0,438.0,0.0,,,2,Single-player,1874500
439,439.0,439.0,1.0,,,28,Full controller support,1874500
440,440.0,440.0,0.0,,,2,Single-player,1874510
441,441.0,441.0,1.0,,,22,Steam Achievements,1874510
442,442.0,442.0,2.0,,,18,Partial Controller Support,1874510
443,443.0,443.0,0.0,,,2,Single-player,1874520
444,444.0,444.0,1.0,,,35,In-App Purchases,1874520
445,445.0,445.0,0.0,,,2,Single-player,1874530
446,446.0,446.0,0.0,,,2,Single-player,1874550
447,447.0,447.0,0.0,,,2,Single-player,1874560
448,448.0,448.0,0.0,,,21,Downloadable Content,1874570
449,449.0,449.0,1.0,,,29,Steam Trading Cards,1874570
450,450.0,450.0,2.0,,,30,Steam Workshop,1874570
451,451.0,451.0,3.0,,,18,Partial Controller Support,1874570
452,452.0,452.0,0.0,,,21,Downloadable Content,1874571
453,453.0,453.0,1.0,,,29,Steam Trading Cards,1874571
454,454.0,454.0,2.0,,,30,Steam Workshop,1874571
455,455.0,455.0,3.0,,,18,Partial Controller Support,1874571
456,456.0,456.0,0.0,,,21,Downloadable Content,1874572
457,457.0,457.0,1.0,,,29,Steam Trading Cards,1874572
458,458.0,458.0,2.0,,,30,Steam Workshop,1874572
459,459.0,459.0,3.0,,,18,Partial Controller Support,1874572
460,460.0,460.0,0.0,,,21,Downloadable Content,1874580
461,461.0,461.0,1.0,,,30,Steam Workshop,1874580
462,462.0,462.0,2.0,,,18,Partial Controller Support,1874580
463,463.0,463.0,0.0,,,21,Downloadable Content,1874590
464,464.0,464.0,1.0,,,30,Steam Workshop,1874590
465,465.0,465.0,2.0,,,18,Partial Controller Support,1874590
466,466.0,466.0,0.0,,,21,Downloadable Content,1874600
467,467.0,467.0,1.0,,,30,Steam Workshop,1874600
468,468.0,468.0,2.0,,,18,Partial Controller Support,1874600
469,469.0,469.0,0.0,,,2,Single-player,1874610
470,470.0,470.0,1.0,,,1,Multi-player,1874610
471,471.0,471.0,2.0,,,9,Co-op,1874610
472,472.0,472.0,3.0,,,38,Online Co-op,1874610
473,473.0,473.0,4.0,,,48,LAN Co-op,1874610
474,474.0,474.0,5.0,,,39,Shared/Split Screen Co-op,1874610
475,475.0,475.0,6.0,,,24,Shared/Split Screen,1874610
476,476.0,476.0,7.0,,,27,Cross-Platform Multiplayer,1874610
477,477.0,477.0,8.0,,,21,Downloadable Content,1874610
478,478.0,478.0,9.0,,,18,Partial Controller Support,1874610
479,479.0,479.0,0.0,,,2,Single-player,1874620
480,480.0,480.0,1.0,,,28,Full controller support,1874620
481,481.0,481.0,0.0,,,2,Single-player,1874640
482,482.0,482.0,1.0,,,1,Multi-player,1874640
483,483.0,483.0,2.0,,,9,Co-op,1874640
484,484.0,484.0,3.0,,,38,Online Co-op,1874640
485,485.0,485.0,4.0,,,48,LAN Co-op,1874640
486,486.0,486.0,5.0,,,39,Shared/Split Screen Co-op,1874640
487,487.0,487.0,6.0,,,24,Shared/Split Screen,1874640
488,488.0,488.0,7.0,,,27,Cross-Platform Multiplayer,1874640
489,489.0,489.0,8.0,,,21,Downloadable Content,1874640
490,490.0,490.0,9.0,,,18,Partial Controller Support,1874640
491,491.0,491.0,0.0,,,21,Downloadable Content,1874650
492,492.0,492.0,0.0,,,21,Downloadable Content,1874651
493,493.0,493.0,0.0,,,2,Single-player,1874660
494,494.0,494.0,1.0,,,22,Steam Achievements,1874660
495,495.0,495.0,2.0,,,51,Steam Workshop,1874660
496,496.0,496.0,3.0,,,30,Steam Workshop,1874660
497,497.0,497.0,0.0,,,2,Single-player,1874670
498,498.0,498.0,1.0,,,10,Game demo,1874670
499,499.0,499.0,2.0,,,22,Steam Achievements,1874670
500,500.0,500.0,3.0,,,28,Full controller support,1874670
501,501.0,501.0,4.0,,,23,Steam Cloud,1874670
502,502.0,502.0,0.0,,,2,Single-player,1874680
503,503.0,503.0,1.0,,,22,Steam Achievements,1874680
504,504.0,504.0,2.0,,,23,Steam Cloud,1874680
505,505.0,505.0,3.0,,,25,Steam Leaderboards,1874680
506,506.0,506.0,0.0,,,2,Single-player,1874720
507,507.0,507.0,1.0,,,22,Steam Achievements,1874720
508,508.0,508.0,0.0,,,2,Single-player,1874770
509,509.0,509.0,1.0,,,22,Steam Achievements,1874770
510,510.0,510.0,0.0,,,2,Single-player,1874780
511,511.0,511.0,0.0,,,2,Single-player,1874810
512,512.0,512.0,0.0,,,2,Single-player,1874840
513,513.0,513.0,0.0,,,2,Single-player,1874040
514,514.0,514.0,1.0,,,21,Downloadable Content,1874040
515,515.0,515.0,2.0,,,22,Steam Achievements,1874040
516,516.0,516.0,3.0,,,18,Partial Controller Support,1874040
517,517.0,517.0,4.0,,,23,Steam Cloud,1874040
518,518.0,518.0,5.0,,,15,Stats,1874040
519,519.0,519.0,6.0,,,25,Steam Leaderboards,1874040
520,520.0,520.0,0.0,,,2,Single-player,1874090
521,521.0,521.0,0.0,,,2,Single-player,1874190
522,522.0,522.0,1.0,,,22,Steam Achievements,1874190
523,523.0,523.0,2.0,,,28,Full controller support,1874190
524,524.0,524.0,3.0,,,23,Steam Cloud,1874190
525,525.0,525.0,0.0,,,2,Single-player,1874200
526,526.0,526.0,1.0,,,18,Partial Controller Support,1874200
527,527.0,527.0,0.0,,,2,Single-player,1874220
528,528.0,528.0,0.0,,,2,Single-player,1874230
529,529.0,529.0,1.0,,,22,Steam Achievements,1874230
530,530.0,530.0,2.0,,,28,Full controller support,1874230
531,531.0,531.0,3.0,,,23,Steam Cloud,1874230
532,532.0,532.0,0.0,,,10,Game demo,1874250
533,533.0,533.0,0.0,,,2,Single-player,1874260
534,534.0,534.0,1.0,,,22,Steam Achievements,1874260
535,535.0,535.0,2.0,,,28,Full controller support,1874260
536,536.0,536.0,3.0,,,23,Steam Cloud,1874260
537,537.0,537.0,0.0,,,2,Single-player,1874270
538,538.0,538.0,1.0,,,10,Game demo,1874270
539,539.0,539.0,2.0,,,28,Full controller support,1874270
540,540.0,540.0,0.0,,,2,Single-player,1874280
541,541.0,541.0,1.0,,,10,Game demo,1874280
542,542.0,542.0,2.0,,,18,Partial Controller Support,1874280
543,543.0,543.0,0.0,,,2,Single-player,1874320
544,544.0,544.0,1.0,,,10,Game demo,1874320
545,545.0,545.0,0.0,,,2,Single-player,1874340
546,546.0,546.0,0.0,,,2,Single-player,1874370
547,547.0,547.0,1.0,,,1,Multi-player,1874370
548,548.0,548.0,2.0,,,49,PvP,1874370
549,549.0,549.0,3.0,,,36,Online PvP,1874370
550,550.0,550.0,4.0,,,47,LAN PvP,1874370
551,551.0,551.0,5.0,,,9,Co-op,1874370
552,552.0,552.0,6.0,,,38,Online Co-op,1874370
553,553.0,553.0,7.0,,,48,LAN Co-op,1874370
554,554.0,554.0,8.0,,,21,Downloadable Content,1874370
555,555.0,555.0,9.0,,,28,Full controller support,1874370
556,556.0,556.0,10.0,,,29,Steam Trading Cards,1874370
557,557.0,557.0,11.0,,,30,Steam Workshop,1874370
558,558.0,558.0,12.0,,,35,In-App Purchases,1874370
559,559.0,559.0,13.0,,,41,Remote Play on Phone,1874370
560,560.0,560.0,14.0,,,42,Remote Play on Tablet,1874370
561,561.0,561.0,15.0,,,43,Remote Play on TV,1874370
562,562.0,562.0,0.0,,,2,Single-player,1874400
563,563.0,563.0,0.0,,,2,Single-player,1874420
564,564.0,564.0,1.0,,,1,Multi-player,1874420
565,565.0,565.0,2.0,,,49,PvP,1874420
566,566.0,566.0,3.0,,,37,Shared/Split Screen PvP,1874420
567,567.0,567.0,4.0,,,24,Shared/Split Screen,1874420
568,568.0,568.0,5.0,,,18,Partial Controller Support,1874420
569,569.0,569.0,6.0,,,44,Remote Play Together,1874420
570,570.0,570.0,0.0,,,2,Single-player,1874460
571,571.0,571.0,1.0,,,21,Downloadable Content,1874460
572,572.0,572.0,2.0,,,22,Steam Achievements,1874460
573,573.0,573.0,0.0,,,21,Downloadable Content,1873620
574,574.0,574.0,0.0,,,21,Downloadable Content,1873630
575,575.0,575.0,0.0,,,21,Downloadable Content,1873640
576,576.0,576.0,0.0,,,21,Downloadable Content,1873650
577,577.0,577.0,0.0,,,21,Downloadable Content,1873660
578,578.0,578.0,0.0,,,2,Single-player,1873680
579,579.0,579.0,1.0,,,1,Multi-player,1873680
580,580.0,580.0,2.0,,,20,MMO,1873680
581,581.0,581.0,3.0,,,49,PvP,1873680
582,582.0,582.0,4.0,,,36,Online PvP,1873680
583,583.0,583.0,5.0,,,9,Co-op,1873680
584,584.0,584.0,6.0,,,38,Online Co-op,1873680
585,585.0,585.0,7.0,,,27,Cross-Platform Multiplayer,1873680
586,586.0,586.0,8.0,,,21,Downloadable Content,1873680
587,587.0,587.0,0.0,,,2,Single-player,1873690
588,588.0,588.0,1.0,,,1,Multi-player,1873690
589,589.0,589.0,2.0,,,20,MMO,1873690
590,590.0,590.0,3.0,,,49,PvP,1873690
591,591.0,591.0,4.0,,,36,Online PvP,1873690
592,592.0,592.0,5.0,,,9,Co-op,1873690
593,593.0,593.0,6.0,,,38,Online Co-op,1873690
594,594.0,594.0,7.0,,,27,Cross-Platform Multiplayer,1873690
595,595.0,595.0,8.0,,,21,Downloadable Content,1873690
596,596.0,596.0,0.0,,,2,Single-player,1873700
597,597.0,597.0,1.0,,,1,Multi-player,1873700
598,598.0,598.0,2.0,,,20,MMO,1873700
599,599.0,599.0,3.0,,,49,PvP,1873700
600,600.0,600.0,4.0,,,36,Online PvP,1873700
601,601.0,601.0,5.0,,,9,Co-op,1873700
602,602.0,602.0,6.0,,,38,Online Co-op,1873700
603,603.0,603.0,7.0,,,27,Cross-Platform Multiplayer,1873700
604,604.0,604.0,8.0,,,21,Downloadable Content,1873700
605,605.0,605.0,0.0,,,2,Single-player,1873710
606,606.0,606.0,1.0,,,1,Multi-player,1873710
607,607.0,607.0,2.0,,,20,MMO,1873710
608,608.0,608.0,3.0,,,49,PvP,1873710
609,609.0,609.0,4.0,,,36,Online PvP,1873710
610,610.0,610.0,5.0,,,9,Co-op,1873710
611,611.0,611.0,6.0,,,38,Online Co-op,1873710
612,612.0,612.0,7.0,,,27,Cross-Platform Multiplayer,1873710
613,613.0,613.0,8.0,,,21,Downloadable Content,1873710
614,614.0,614.0,0.0,,,2,Single-player,1873730
615,615.0,615.0,1.0,,,10,Game demo,1873730
616,616.0,616.0,0.0,,,2,Single-player,1873760
617,617.0,617.0,1.0,,,1,Multi-player,1873760
618,618.0,618.0,2.0,,,9,Co-op,1873760
619,619.0,619.0,3.0,,,38,Online Co-op,1873760
620,620.0,620.0,4.0,,,39,Shared/Split Screen Co-op,1873760
621,621.0,621.0,5.0,,,24,Shared/Split Screen,1873760
622,622.0,622.0,6.0,,,21,Downloadable Content,1873760
623,623.0,623.0,7.0,,,22,Steam Achievements,1873760
624,624.0,624.0,8.0,,,28,Full controller support,1873760
625,625.0,625.0,9.0,,,44,Remote Play Together,1873760
626,626.0,626.0,0.0,,,2,Single-player,1873770
627,627.0,627.0,1.0,,,10,Game demo,1873770
628,628.0,628.0,2.0,,,18,Partial Controller Support,1873770
629,629.0,629.0,0.0,,,2,Single-player,1873780
630,630.0,630.0,0.0,,,2,Single-player,1873790
631,631.0,631.0,1.0,,,10,Game demo,1873790
632,632.0,632.0,2.0,,,13,Captions available,1873790
633,633.0,633.0,0.0,,,2,Single-player,1873800
634,634.0,634.0,0.0,,,2,Single-player,1873810
635,635.0,635.0,1.0,,,1,Multi-player,1873810
636,636.0,636.0,2.0,,,9,Co-op,1873810
637,637.0,637.0,3.0,,,22,Steam Achievements,1873810
638,638.0,638.0,4.0,,,18,Partial Controller Support,1873810
639,639.0,639.0,0.0,,,2,Single-player,1873830
640,640.0,640.0,1.0,,,22,Steam Achievements,1873830
641,641.0,641.0,2.0,,,28,Full controller support,1873830
642,642.0,642.0,3.0,,,15,Stats,1873830
643,643.0,643.0,4.0,,,25,Steam Leaderboards,1873830
644,644.0,644.0,0.0,,,2,Single-player,1873850
645,645.0,645.0,1.0,,,10,Game demo,1873850
646,646.0,646.0,2.0,,,22,Steam Achievements,1873850
647,647.0,647.0,3.0,,,28,Full controller support,1873850
648,648.0,648.0,0.0,,,2,Single-player,1873860
649,649.0,649.0,0.0,,,2,Single-player,1873870
650,650.0,650.0,1.0,,,22,Steam Achievements,1873870
651,651.0,651.0,0.0,,,2,Single-player,1873910
652,652.0,652.0,1.0,,,21,Downloadable Content,1873910
653,653.0,653.0,2.0,,,22,Steam Achievements,1873910
654,654.0,654.0,3.0,,,23,Steam Cloud,1873910
655,655.0,655.0,4.0,,,15,Stats,1873910
656,656.0,656.0,0.0,,,2,Single-player,1873940
657,657.0,657.0,1.0,,,1,Multi-player,1873940
658,658.0,658.0,2.0,,,49,PvP,1873940
659,659.0,659.0,3.0,,,36,Online PvP,1873940
660,660.0,660.0,4.0,,,27,Cross-Platform Multiplayer,1873940
661,661.0,661.0,5.0,,,21,Downloadable Content,1873940
662,662.0,662.0,6.0,,,22,Steam Achievements,1873940
663,663.0,663.0,7.0,,,25,Steam Leaderboards,1873940
664,664.0,664.0,0.0,,,2,Single-player,1873941
665,665.0,665.0,1.0,,,1,Multi-player,1873941
666,666.0,666.0,2.0,,,49,PvP,1873941
667,667.0,667.0,3.0,,,36,Online PvP,1873941
668,668.0,668.0,4.0,,,27,Cross-Platform Multiplayer,1873941
669,669.0,669.0,5.0,,,21,Downloadable Content,1873941
670,670.0,670.0,6.0,,,22,Steam Achievements,1873941
671,671.0,671.0,7.0,,,25,Steam Leaderboards,1873941
672,672.0,672.0,0.0,,,2,Single-player,1873942
673,673.0,673.0,1.0,,,1,Multi-player,1873942
674,674.0,674.0,2.0,,,49,PvP,1873942
675,675.0,675.0,3.0,,,36,Online PvP,1873942
676,676.0,676.0,4.0,,,27,Cross-Platform Multiplayer,1873942
677,677.0,677.0,5.0,,,21,Downloadable Content,1873942
678,678.0,678.0,6.0,,,22,Steam Achievements,1873942
679,679.0,679.0,7.0,,,25,Steam Leaderboards,1873942
680,680.0,680.0,0.0,,,2,Single-player,1873943
681,681.0,681.0,1.0,,,1,Multi-player,1873943
682,682.0,682.0,2.0,,,49,PvP,1873943
683,683.0,683.0,3.0,,,36,Online PvP,1873943
684,684.0,684.0,4.0,,,27,Cross-Platform Multiplayer,1873943
685,685.0,685.0,5.0,,,21,Downloadable Content,1873943
686,686.0,686.0,6.0,,,22,Steam Achievements,1873943
687,687.0,687.0,7.0,,,25,Steam Leaderboards,1873943
688,688.0,688.0,0.0,,,2,Single-player,1873944
689,689.0,689.0,1.0,,,1,Multi-player,1873944
690,690.0,690.0,2.0,,,49,PvP,1873944
691,691.0,691.0,3.0,,,36,Online PvP,1873944
692,692.0,692.0,4.0,,,27,Cross-Platform Multiplayer,1873944
693,693.0,693.0,5.0,,,21,Downloadable Content,1873944
694,694.0,694.0,6.0,,,22,Steam Achievements,1873944
695,695.0,695.0,7.0,,,25,Steam Leaderboards,1873944
696,696.0,696.0,0.0,,,2,Single-player,1873945
697,697.0,697.0,1.0,,,1,Multi-player,1873945
698,698.0,698.0,2.0,,,49,PvP,1873945
699,699.0,699.0,3.0,,,36,Online PvP,1873945
700,700.0,700.0,4.0,,,27,Cross-Platform Multiplayer,1873945
701,701.0,701.0,5.0,,,21,Downloadable Content,1873945
702,702.0,702.0,6.0,,,22,Steam Achievements,1873945
703,703.0,703.0,7.0,,,25,Steam Leaderboards,1873945
704,704.0,704.0,0.0,,,2,Single-player,1873946
705,705.0,705.0,1.0,,,1,Multi-player,1873946
706,706.0,706.0,2.0,,,49,PvP,1873946
707,707.0,707.0,3.0,,,36,Online PvP,1873946
708,708.0,708.0,4.0,,,27,Cross-Platform Multiplayer,1873946
709,709.0,709.0,5.0,,,21,Downloadable Content,1873946
710,710.0,710.0,6.0,,,22,Steam Achievements,1873946
711,711.0,711.0,7.0,,,25,Steam Leaderboards,1873946
712,712.0,712.0,0.0,,,2,Single-player,1873947
713,713.0,713.0,1.0,,,1,Multi-player,1873947
714,714.0,714.0,2.0,,,49,PvP,1873947
715,715.0,715.0,3.0,,,36,Online PvP,1873947
716,716.0,716.0,4.0,,,27,Cross-Platform Multiplayer,1873947
717,717.0,717.0,5.0,,,21,Downloadable Content,1873947
718,718.0,718.0,6.0,,,22,Steam Achievements,1873947
719,719.0,719.0,7.0,,,25,Steam Leaderboards,1873947
720,720.0,720.0,0.0,,,2,Single-player,1873948
721,721.0,721.0,1.0,,,1,Multi-player,1873948
722,722.0,722.0,2.0,,,49,PvP,1873948
723,723.0,723.0,3.0,,,36,Online PvP,1873948
724,724.0,724.0,4.0,,,27,Cross-Platform Multiplayer,1873948
725,725.0,725.0,5.0,,,21,Downloadable Content,1873948
726,726.0,726.0,6.0,,,22,Steam Achievements,1873948
727,727.0,727.0,7.0,,,25,Steam Leaderboards,1873948
728,728.0,728.0,0.0,,,10,Game demo,1873950
729,729.0,729.0,0.0,,,2,Single-player,1873960
730,730.0,730.0,0.0,,,10,Game demo,1873980
731,731.0,731.0,1.0,,,28,Full controller support,1873980
732,732.0,732.0,0.0,,,2,Single-player,1873990
733,733.0,733.0,1.0,,,22,Steam Achievements,1873990
734,734.0,734.0,2.0,,,28,Full controller support,1873990
735,735.0,735.0,3.0,,,25,Steam Leaderboards,1873990
736,736.0,736.0,0.0,,,2,Single-player,1874010
737,737.0,737.0,1.0,,,22,Steam Achievements,1874010
738,738.0,738.0,0.0,,,2,Single-player,1874020
739,739.0,739.0,1.0,,,10,Game demo,1874020
740,740.0,740.0,2.0,,,18,Partial Controller Support,1874020
741,741.0,741.0,0.0,,,2,Single-player,1873380
742,742.0,742.0,1.0,,,1,Multi-player,1873380
743,743.0,743.0,2.0,,,9,Co-op,1873380
744,744.0,744.0,3.0,,,39,Shared/Split Screen Co-op,1873380
745,745.0,745.0,4.0,,,24,Shared/Split Screen,1873380
746,746.0,746.0,5.0,,,22,Steam Achievements,1873380
747,747.0,747.0,6.0,,,28,Full controller support,1873380
748,748.0,748.0,7.0,,,13,Captions available,1873380
749,749.0,749.0,8.0,,,23,Steam Cloud,1873380
750,750.0,750.0,9.0,,,44,Remote Play Together,1873380
751,751.0,751.0,0.0,,,2,Single-player,1873400
752,752.0,752.0,0.0,,,2,Single-player,1873410
753,753.0,753.0,1.0,,,22,Steam Achievements,1873410
754,754.0,754.0,0.0,,,2,Single-player,1873420
755,755.0,755.0,1.0,,,22,Steam Achievements,1873420
756,756.0,756.0,2.0,,,25,Steam Leaderboards,1873420
757,757.0,757.0,0.0,,,2,Single-player,1873430
758,758.0,758.0,0.0,,,21,Downloadable Content,1873460
759,759.0,759.0,0.0,,,2,Single-player,1873510
760,760.0,760.0,1.0,,,28,Full controller support,1873510
761,761.0,761.0,0.0,,,2,Single-player,1873540
762,762.0,762.0,1.0,,,1,Multi-player,1873540
763,763.0,763.0,2.0,,,49,PvP,1873540
764,764.0,764.0,3.0,,,37,Shared/Split Screen PvP,1873540
765,765.0,765.0,4.0,,,24,Shared/Split Screen,1873540
766,766.0,766.0,5.0,,,22,Steam Achievements,1873540
767,767.0,767.0,0.0,,,2,Single-player,1873550
768,768.0,768.0,0.0,,,2,Single-player,1873570
769,769.0,769.0,1.0,,,22,Steam Achievements,1873570
770,770.0,770.0,2.0,,,18,Partial Controller Support,1873570
771,771.0,771.0,0.0,,,21,Downloadable Content,1873590
772,772.0,772.0,0.0,,,2,Single-player,1872920
773,773.0,773.0,1.0,,,22,Steam Achievements,1872920
774,774.0,774.0,0.0,,,2,Single-player,1872930
775,775.0,775.0,1.0,,,10,Game demo,1872930
776,776.0,776.0,2.0,,,18,Partial Controller Support,1872930
777,777.0,777.0,0.0,,,50,Additional High-Quality Audio,1872940
778,778.0,778.0,0.0,,,2,Single-player,1872970
779,779.0,779.0,0.0,,,2,Single-player,1873000
780,780.0,780.0,0.0,,,2,Single-player,1873040
781,781.0,781.0,1.0,,,22,Steam Achievements,1873040
782,782.0,782.0,2.0,,,23,Steam Cloud,1873040
783,783.0,783.0,0.0,,,2,Single-player,1873060
784,784.0,784.0,1.0,,,10,Game demo,1873060
785,785.0,785.0,0.0,,,2,Single-player,1873080
786,786.0,786.0,1.0,,,28,Full controller support,1873080
787,787.0,787.0,2.0,,,13,Captions available,1873080
788,788.0,788.0,0.0,,,2,Single-player,1873130
789,789.0,789.0,1.0,,,28,Full controller support,1873130
790,790.0,790.0,0.0,,,2,Single-player,1873150
791,791.0,791.0,1.0,,,10,Game demo,1873150
792,792.0,792.0,2.0,,,28,Full controller support,1873150
793,793.0,793.0,0.0,,,2,Single-player,1873180
794,794.0,794.0,0.0,,,2,Single-player,1873210
795,795.0,795.0,1.0,,,13,Captions available,1873210
796,796.0,796.0,0.0,,,2,Single-player,1873220
797,797.0,797.0,1.0,,,1,Multi-player,1873220
798,798.0,798.0,2.0,,,49,PvP,1873220
799,799.0,799.0,3.0,,,37,Shared/Split Screen PvP,1873220
800,800.0,800.0,4.0,,,9,Co-op,1873220
801,801.0,801.0,5.0,,,39,Shared/Split Screen Co-op,1873220
802,802.0,802.0,6.0,,,24,Shared/Split Screen,1873220
803,803.0,803.0,7.0,,,22,Steam Achievements,1873220
804,804.0,804.0,8.0,,,28,Full controller support,1873220
805,805.0,805.0,9.0,,,44,Remote Play Together,1873220
806,806.0,806.0,0.0,,,2,Single-player,1873270
807,807.0,807.0,1.0,,,28,Full controller support,1873270
808,808.0,808.0,0.0,,,2,Single-player,1873300
809,809.0,809.0,1.0,,,28,Full controller support,1873300
810,810.0,810.0,0.0,,,2,Single-player,1872470
811,811.0,811.0,0.0,,,2,Single-player,1872520
812,812.0,812.0,0.0,,,2,Single-player,1872560
813,813.0,813.0,1.0,,,10,Game demo,1872560
814,814.0,814.0,0.0,,,2,Single-player,1872570
815,815.0,815.0,1.0,,,21,Downloadable Content,1872570
816,816.0,816.0,2.0,,,22,Steam Achievements,1872570
817,817.0,817.0,3.0,,,23,Steam Cloud,1872570
818,818.0,818.0,4.0,,,25,Steam Leaderboards,1872570
819,819.0,819.0,0.0,,,2,Single-player,1872580
820,820.0,820.0,1.0,,,22,Steam Achievements,1872580
821,821.0,821.0,2.0,,,18,Partial Controller Support,1872580
822,822.0,822.0,0.0,,,2,Single-player,1872620
823,823.0,823.0,1.0,,,1,Multi-player,1872620
824,824.0,824.0,2.0,,,49,PvP,1872620
825,825.0,825.0,3.0,,,36,Online PvP,1872620
826,826.0,826.0,4.0,,,9,Co-op,1872620
827,827.0,827.0,5.0,,,38,Online Co-op,1872620
828,828.0,828.0,6.0,,,22,Steam Achievements,1872620
829,829.0,829.0,0.0,,,2,Single-player,1872640
830,830.0,830.0,1.0,,,10,Game demo,1872640
831,831.0,831.0,0.0,,,2,Single-player,1872660
832,832.0,832.0,0.0,,,2,Single-player,1872710
833,833.0,833.0,1.0,,,22,Steam Achievements,1872710
834,834.0,834.0,2.0,,,28,Full controller support,1872710
835,835.0,835.0,3.0,,,23,Steam Cloud,1872710
836,836.0,836.0,0.0,,,2,Single-player,1872730
837,837.0,837.0,0.0,,,2,Single-player,1872740
838,838.0,838.0,0.0,,,2,Single-player,1872760
839,839.0,839.0,1.0,,,1,Multi-player,1872760
840,840.0,840.0,2.0,,,49,PvP,1872760
841,841.0,841.0,3.0,,,36,Online PvP,1872760
842,842.0,842.0,4.0,,,9,Co-op,1872760
843,843.0,843.0,5.0,,,38,Online Co-op,1872760
844,844.0,844.0,6.0,,,35,In-App Purchases,1872760
845,845.0,845.0,0.0,,,2,Single-player,1872780
846,846.0,846.0,1.0,,,22,Steam Achievements,1872780
847,847.0,847.0,2.0,,,13,Captions available,1872780
848,848.0,848.0,3.0,,,23,Steam Cloud,1872780
849,849.0,849.0,0.0,,,2,Single-player,1872790
850,850.0,850.0,1.0,,,22,Steam Achievements,1872790
851,851.0,851.0,0.0,,,2,Single-player,1872830
852,852.0,852.0,0.0,,,2,Single-player,1872860
853,853.0,853.0,1.0,,,22,Steam Achievements,1872860
854,854.0,854.0,2.0,,,28,Full controller support,1872860
855,855.0,855.0,0.0,,,2,Single-player,1871960
856,856.0,856.0,1.0,,,21,Downloadable Content,1871960
857,857.0,857.0,2.0,,,22,Steam Achievements,1871960
858,858.0,858.0,3.0,,,23,Steam Cloud,1871960
859,859.0,859.0,0.0,,,2,Single-player,1872000
860,860.0,860.0,1.0,,,10,Game demo,1872000
861,861.0,861.0,0.0,,,2,Single-player,1872010
862,862.0,862.0,1.0,,,22,Steam Achievements,1872010
863,863.0,863.0,2.0,,,28,Full controller support,1872010
864,864.0,864.0,0.0,,,2,Single-player,1872040
865,865.0,865.0,1.0,,,28,Full controller support,1872040
866,866.0,866.0,2.0,,,23,Steam Cloud,1872040
867,867.0,867.0,0.0,,,2,Single-player,1872050
868,868.0,868.0,0.0,,,2,Single-player,1872060
869,869.0,869.0,0.0,,,2,Single-player,1872130
870,870.0,870.0,0.0,,,2,Single-player,1872140
871,871.0,871.0,1.0,,,22,Steam Achievements,1872140
872,872.0,872.0,2.0,,,28,Full controller support,1872140
873,873.0,873.0,3.0,,,23,Steam Cloud,1872140
874,874.0,874.0,0.0,,,50,Additional High-Quality Audio,1872150
875,875.0,875.0,0.0,,,2,Single-player,1872160
876,876.0,876.0,0.0,,,2,Single-player,1872170
877,877.0,877.0,1.0,,,22,Steam Achievements,1872170
878,878.0,878.0,2.0,,,18,Partial Controller Support,1872170
879,879.0,879.0,3.0,,,25,Steam Leaderboards,1872170
880,880.0,880.0,0.0,,,2,Single-player,1872200
881,881.0,881.0,1.0,,,22,Steam Achievements,1872200
882,882.0,882.0,2.0,,,28,Full controller support,1872200
883,883.0,883.0,3.0,,,23,Steam Cloud,1872200
884,884.0,884.0,0.0,,,2,Single-player,1872240
885,885.0,885.0,1.0,,,1,Multi-player,1872240
886,886.0,886.0,2.0,,,20,MMO,1872240
887,887.0,887.0,3.0,,,35,In-App Purchases,1872240
888,888.0,888.0,0.0,,,2,Single-player,1872250
889,889.0,889.0,0.0,,,2,Single-player,1872270
890,890.0,890.0,0.0,,,2,Single-player,1872330
891,891.0,891.0,0.0,,,2,Single-player,1872370
892,892.0,892.0,1.0,,,10,Game demo,1872370
893,893.0,893.0,0.0,,,2,Single-player,1872390
894,894.0,894.0,1.0,,,10,Game demo,1872390
895,895.0,895.0,2.0,,,23,Steam Cloud,1872390
896,896.0,896.0,0.0,,,2,Single-player,1872410
897,897.0,897.0,1.0,,,13,Captions available,1872410
898,898.0,898.0,0.0,,,2,Single-player,1871500
899,899.0,899.0,1.0,,,22,Steam Achievements,1871500
900,900.0,900.0,2.0,,,23,Steam Cloud,1871500
901,901.0,901.0,0.0,,,2,Single-player,1871510
902,902.0,902.0,1.0,,,22,Steam Achievements,1871510
903,903.0,903.0,0.0,,,2,Single-player,1871530
904,904.0,904.0,1.0,,,21,Downloadable Content,1871530
905,905.0,905.0,0.0,,,2,Single-player,1871560
906,906.0,906.0,1.0,,,10,Game demo,1871560
907,907.0,907.0,2.0,,,22,Steam Achievements,1871560
908,908.0,908.0,0.0,,,2,Single-player,1871570
909,909.0,909.0,1.0,,,22,Steam Achievements,1871570
910,910.0,910.0,2.0,,,28,Full controller support,1871570
911,911.0,911.0,0.0,,,2,Single-player,1871580
912,912.0,912.0,1.0,,,10,Game demo,1871580
913,913.0,913.0,0.0,,,2,Single-player,1871590
914,914.0,914.0,0.0,,,2,Single-player,1871600
915,915.0,915.0,1.0,,,18,Partial Controller Support,1871600
916,916.0,916.0,0.0,,,2,Single-player,1871620
917,917.0,917.0,1.0,,,22,Steam Achievements,1871620
918,918.0,918.0,2.0,,,23,Steam Cloud,1871620
919,919.0,919.0,3.0,,,17,Includes level editor,1871620
920,920.0,920.0,0.0,,,2,Single-player,1871650
921,921.0,921.0,0.0,,,2,Single-player,1871660
922,922.0,922.0,1.0,,,10,Game demo,1871660
923,923.0,923.0,0.0,,,2,Single-player,1871670
924,924.0,924.0,1.0,,,18,Partial Controller Support,1871670
925,925.0,925.0,0.0,,,2,Single-player,1871700
926,926.0,926.0,1.0,,,1,Multi-player,1871700
927,927.0,927.0,2.0,,,9,Co-op,1871700
928,928.0,928.0,3.0,,,39,Shared/Split Screen Co-op,1871700
929,929.0,929.0,4.0,,,24,Shared/Split Screen,1871700
930,930.0,930.0,5.0,,,28,Full controller support,1871700
931,931.0,931.0,0.0,,,2,Single-player,1871740
932,932.0,932.0,1.0,,,22,Steam Achievements,1871740
933,933.0,933.0,0.0,,,2,Single-player,1871750
934,934.0,934.0,1.0,,,22,Steam Achievements,1871750
935,935.0,935.0,2.0,,,23,Steam Cloud,1871750
936,936.0,936.0,0.0,,,2,Single-player,1871760
937,937.0,937.0,0.0,,,2,Single-player,1871780
938,938.0,938.0,0.0,,,2,Single-player,1871790
939,939.0,939.0,1.0,,,13,Captions available,1871790
940,940.0,940.0,0.0,,,2,Single-player,1871810
941,941.0,941.0,0.0,,,2,Single-player,1871830
942,942.0,942.0,0.0,,,2,Single-player,1871880
943,943.0,943.0,1.0,,,22,Steam Achievements,1871880
944,944.0,944.0,2.0,,,23,Steam Cloud,1871880
945,945.0,945.0,0.0,,,2,Single-player,1871910
946,946.0,946.0,1.0,,,21,Downloadable Content,1871910
947,947.0,947.0,2.0,,,23,Steam Cloud,1871910
948,948.0,948.0,0.0,,,2,Single-player,1871920
949,949.0,949.0,0.0,,,2,Single-player,1871000
950,950.0,950.0,0.0,,,2,Single-player,1871010
951,951.0,951.0,1.0,,,18,Partial Controller Support,1871010
952,952.0,952.0,0.0,,,2,Single-player,1871020
953,953.0,953.0,0.0,,,2,Single-player,1871030
954,954.0,954.0,0.0,,,10,Game demo,1871040
955,955.0,955.0,0.0,,,2,Single-player,1871070
956,956.0,956.0,1.0,,,10,Game demo,1871070
957,957.0,957.0,2.0,,,28,Full controller support,1871070
958,958.0,958.0,3.0,,,13,Captions available,1871070
959,959.0,959.0,0.0,,,2,Single-player,1871090
960,960.0,960.0,1.0,,,22,Steam Achievements,1871090
961,961.0,961.0,0.0,,,2,Single-player,1871100
962,962.0,962.0,0.0,,,2,Single-player,1871120
963,963.0,963.0,1.0,,,10,Game demo,1871120
964,964.0,964.0,2.0,,,28,Full controller support,1871120
965,965.0,965.0,0.0,,,2,Single-player,1871130
966,966.0,966.0,1.0,,,21,Downloadable Content,1871130
967,967.0,967.0,2.0,,,22,Steam Achievements,1871130
968,968.0,968.0,3.0,,,23,Steam Cloud,1871130
969,969.0,969.0,4.0,,,14,Commentary available,1871130
970,970.0,970.0,0.0,,,1,Multi-player,1871170
971,971.0,971.0,1.0,,,20,MMO,1871170
972,972.0,972.0,2.0,,,49,PvP,1871170
973,973.0,973.0,3.0,,,36,Online PvP,1871170
974,974.0,974.0,4.0,,,9,Co-op,1871170
975,975.0,975.0,5.0,,,38,Online Co-op,1871170
976,976.0,976.0,0.0,,,10,Game demo,1871200
977,977.0,977.0,1.0,,,18,Partial Controller Support,1871200
978,978.0,978.0,0.0,,,2,Single-player,1871230
979,979.0,979.0,0.0,,,2,Single-player,1871250
980,980.0,980.0,1.0,,,10,Game demo,1871250
981,981.0,981.0,2.0,,,18,Partial Controller Support,1871250
982,982.0,982.0,0.0,,,2,Single-player,1871270
983,983.0,983.0,1.0,,,1,Multi-player,1871270
984,984.0,984.0,2.0,,,49,PvP,1871270
985,985.0,985.0,3.0,,,36,Online PvP,1871270
986,986.0,986.0,4.0,,,9,Co-op,1871270
987,987.0,987.0,5.0,,,38,Online Co-op,1871270
988,988.0,988.0,6.0,,,21,Downloadable Content,1871270
989,989.0,989.0,7.0,,,22,Steam Achievements,1871270
990,990.0,990.0,8.0,,,29,Steam Trading Cards,1871270
991,991.0,991.0,0.0,,,2,Single-player,1871271
992,992.0,992.0,1.0,,,1,Multi-player,1871271
993,993.0,993.0,2.0,,,49,PvP,1871271
994,994.0,994.0,3.0,,,36,Online PvP,1871271
995,995.0,995.0,4.0,,,9,Co-op,1871271
996,996.0,996.0,5.0,,,38,Online Co-op,1871271
997,997.0,997.0,6.0,,,21,Downloadable Content,1871271
998,998.0,998.0,7.0,,,22,Steam Achievements,1871271
999,999.0,999.0,8.0,,,29,Steam Trading Cards,1871271
1000,1000.0,1000.0,0.0,,,2,Single-player,1871290
1001,1001.0,1001.0,0.0,,,2,Single-player,1871300
1002,1002.0,1002.0,1.0,,,1,Multi-player,1871300
1003,1003.0,1003.0,2.0,,,49,PvP,1871300
1004,1004.0,1004.0,3.0,,,36,Online PvP,1871300
1005,1005.0,1005.0,4.0,,,9,Co-op,1871300
1006,1006.0,1006.0,5.0,,,38,Online Co-op,1871300
1007,1007.0,1007.0,6.0,,,21,Downloadable Content,1871300
1008,1008.0,1008.0,7.0,,,22,Steam Achievements,1871300
1009,1009.0,1009.0,8.0,,,29,Steam Trading Cards,1871300
1010,1010.0,1010.0,0.0,,,2,Single-player,1871301
1011,1011.0,1011.0,1.0,,,1,Multi-player,1871301
1012,1012.0,1012.0,2.0,,,49,PvP,1871301
1013,1013.0,1013.0,3.0,,,36,Online PvP,1871301
1014,1014.0,1014.0,4.0,,,9,Co-op,1871301
1015,1015.0,1015.0,5.0,,,38,Online Co-op,1871301
1016,1016.0,1016.0,6.0,,,21,Downloadable Content,1871301
1017,1017.0,1017.0,7.0,,,22,Steam Achievements,1871301
1018,1018.0,1018.0,8.0,,,29,Steam Trading Cards,1871301
1019,1019.0,1019.0,0.0,,,2,Single-player,1871302
1020,1020.0,1020.0,1.0,,,1,Multi-player,1871302
1021,1021.0,1021.0,2.0,,,49,PvP,1871302
1022,1022.0,1022.0,3.0,,,36,Online PvP,1871302
1023,1023.0,1023.0,4.0,,,9,Co-op,1871302
1024,1024.0,1024.0,5.0,,,38,Online Co-op,1871302
1025,1025.0,1025.0,6.0,,,21,Downloadable Content,1871302
1026,1026.0,1026.0,7.0,,,22,Steam Achievements,1871302
1027,1027.0,1027.0,8.0,,,29,Steam Trading Cards,1871302
1028,1028.0,1028.0,0.0,,,2,Single-player,1871310
1029,1029.0,1029.0,1.0,,,22,Steam Achievements,1871310
1030,1030.0,1030.0,0.0,,,2,Single-player,1871320
1031,1031.0,1031.0,1.0,,,10,Game demo,1871320
1032,1032.0,1032.0,2.0,,,22,Steam Achievements,1871320
1033,1033.0,1033.0,3.0,,,28,Full controller support,1871320
1034,1034.0,1034.0,4.0,,,23,Steam Cloud,1871320
1035,1035.0,1035.0,5.0,,,25,Steam Leaderboards,1871320
1036,1036.0,1036.0,0.0,,,2,Single-player,1871340
1037,1037.0,1037.0,0.0,,,2,Single-player,1871350
1038,1038.0,1038.0,0.0,,,50,Additional High-Quality Audio,1871380
1039,1039.0,1039.0,0.0,,,2,Single-player,1871410
1040,1040.0,1040.0,1.0,,,22,Steam Achievements,1871410
1041,1041.0,1041.0,2.0,,,17,Includes level editor,1871410
1042,1042.0,1042.0,0.0,,,2,Single-player,1871420
1043,1043.0,1043.0,0.0,,,2,Single-player,1871440
1044,1044.0,1044.0,1.0,,,1,Multi-player,1871440
1045,1045.0,1045.0,2.0,,,49,PvP,1871440
1046,1046.0,1046.0,3.0,,,36,Online PvP,1871440
1047,1047.0,1047.0,4.0,,,9,Co-op,1871440
1048,1048.0,1048.0,5.0,,,38,Online Co-op,1871440
1049,1049.0,1049.0,6.0,,,27,Cross-Platform Multiplayer,1871440
1050,1050.0,1050.0,7.0,,,22,Steam Achievements,1871440
1051,1051.0,1051.0,8.0,,,18,Partial Controller Support,1871440
1052,1052.0,1052.0,0.0,,,2,Single-player,1871450
1053,1053.0,1053.0,1.0,,,22,Steam Achievements,1871450
1054,1054.0,1054.0,2.0,,,17,Includes level editor,1871450
1055,1055.0,1055.0,0.0,,,2,Single-player,1870530
1056,1056.0,1056.0,1.0,,,10,Game demo,1870530
1057,1057.0,1057.0,0.0,,,1,Multi-player,1870540
1058,1058.0,1058.0,1.0,,,49,PvP,1870540
1059,1059.0,1059.0,2.0,,,36,Online PvP,1870540
1060,1060.0,1060.0,3.0,,,27,Cross-Platform Multiplayer,1870540
1061,1061.0,1061.0,4.0,,,21,Downloadable Content,1870540
1062,1062.0,1062.0,5.0,,,22,Steam Achievements,1870540
1063,1063.0,1063.0,6.0,,,18,Partial Controller Support,1870540
1064,1064.0,1064.0,0.0,,,2,Single-player,1870550
1065,1065.0,1065.0,1.0,,,22,Steam Achievements,1870550
1066,1066.0,1066.0,2.0,,,28,Full controller support,1870550
1067,1067.0,1067.0,3.0,,,15,Stats,1870550
1068,1068.0,1068.0,0.0,,,2,Single-player,1870570
1069,1069.0,1069.0,0.0,,,2,Single-player,1870580
1070,1070.0,1070.0,1.0,,,22,Steam Achievements,1870580
1071,1071.0,1071.0,0.0,,,1,Multi-player,1870600
1072,1072.0,1072.0,1.0,,,49,PvP,1870600
1073,1073.0,1073.0,2.0,,,36,Online PvP,1870600
1074,1074.0,1074.0,3.0,,,9,Co-op,1870600
1075,1075.0,1075.0,4.0,,,38,Online Co-op,1870600
1076,1076.0,1076.0,5.0,,,27,Cross-Platform Multiplayer,1870600
1077,1077.0,1077.0,6.0,,,21,Downloadable Content,1870600
1078,1078.0,1078.0,7.0,,,22,Steam Achievements,1870600
1079,1079.0,1079.0,8.0,,,28,Full controller support,1870600
1080,1080.0,1080.0,9.0,,,35,In-App Purchases,1870600
1081,1081.0,1081.0,0.0,,,2,Single-player,1870610
1082,1082.0,1082.0,1.0,,,22,Steam Achievements,1870610
1083,1083.0,1083.0,2.0,,,18,Partial Controller Support,1870610
1084,1084.0,1084.0,0.0,,,2,Single-player,1870640
1085,1085.0,1085.0,1.0,,,10,Game demo,1870640
1086,1086.0,1086.0,2.0,,,28,Full controller support,1870640
1087,1087.0,1087.0,0.0,,,2,Single-player,1870660
1088,1088.0,1088.0,1.0,,,1,Multi-player,1870660
1089,1089.0,1089.0,2.0,,,9,Co-op,1870660
1090,1090.0,1090.0,3.0,,,39,Shared/Split Screen Co-op,1870660
1091,1091.0,1091.0,4.0,,,24,Shared/Split Screen,1870660
1092,1092.0,1092.0,5.0,,,44,Remote Play Together,1870660
1093,1093.0,1093.0,0.0,,,2,Single-player,1870680
1094,1094.0,1094.0,1.0,,,1,Multi-player,1870680
1095,1095.0,1095.0,2.0,,,9,Co-op,1870680
1096,1096.0,1096.0,3.0,,,39,Shared/Split Screen Co-op,1870680
1097,1097.0,1097.0,4.0,,,24,Shared/Split Screen,1870680
1098,1098.0,1098.0,5.0,,,10,Game demo,1870680
1099,1099.0,1099.0,6.0,,,44,Remote Play Together,1870680
1100,1100.0,1100.0,0.0,,,2,Single-player,1870690
1101,1101.0,1101.0,1.0,,,1,Multi-player,1870690
1102,1102.0,1102.0,2.0,,,9,Co-op,1870690
1103,1103.0,1103.0,3.0,,,38,Online Co-op,1870690
1104,1104.0,1104.0,4.0,,,48,LAN Co-op,1870690
1105,1105.0,1105.0,5.0,,,39,Shared/Split Screen Co-op,1870690
1106,1106.0,1106.0,6.0,,,24,Shared/Split Screen,1870690
1107,1107.0,1107.0,7.0,,,27,Cross-Platform Multiplayer,1870690
1108,1108.0,1108.0,8.0,,,21,Downloadable Content,1870690
1109,1109.0,1109.0,9.0,,,18,Partial Controller Support,1870690
1110,1110.0,1110.0,0.0,,,2,Single-player,1870710
1111,1111.0,1111.0,1.0,,,22,Steam Achievements,1870710
1112,1112.0,1112.0,2.0,,,28,Full controller support,1870710
1113,1113.0,1113.0,0.0,,,2,Single-player,1870720
1114,1114.0,1114.0,1.0,,,10,Game demo,1870720
1115,1115.0,1115.0,0.0,,,2,Single-player,1870740
1116,1116.0,1116.0,1.0,,,1,Multi-player,1870740
1117,1117.0,1117.0,2.0,,,9,Co-op,1870740
1118,1118.0,1118.0,3.0,,,38,Online Co-op,1870740
1119,1119.0,1119.0,4.0,,,48,LAN Co-op,1870740
1120,1120.0,1120.0,5.0,,,39,Shared/Split Screen Co-op,1870740
1121,1121.0,1121.0,6.0,,,24,Shared/Split Screen,1870740
1122,1122.0,1122.0,7.0,,,27,Cross-Platform Multiplayer,1870740
1123,1123.0,1123.0,8.0,,,21,Downloadable Content,1870740
1124,1124.0,1124.0,9.0,,,18,Partial Controller Support,1870740
1125,1125.0,1125.0,0.0,,,2,Single-player,1870780
1126,1126.0,1126.0,1.0,,,1,Multi-player,1870780
1127,1127.0,1127.0,2.0,,,9,Co-op,1870780
1128,1128.0,1128.0,3.0,,,38,Online Co-op,1870780
1129,1129.0,1129.0,4.0,,,48,LAN Co-op,1870780
1130,1130.0,1130.0,5.0,,,39,Shared/Split Screen Co-op,1870780
1131,1131.0,1131.0,6.0,,,24,Shared/Split Screen,1870780
1132,1132.0,1132.0,7.0,,,27,Cross-Platform Multiplayer,1870780
1133,1133.0,1133.0,8.0,,,21,Downloadable Content,1870780
1134,1134.0,1134.0,9.0,,,18,Partial Controller Support,1870780
1135,1135.0,1135.0,0.0,,,2,Single-player,1870790
1136,1136.0,1136.0,0.0,,,2,Single-player,1870800
1137,1137.0,1137.0,1.0,,,1,Multi-player,1870800
1138,1138.0,1138.0,2.0,,,49,PvP,1870800
1139,1139.0,1139.0,3.0,,,37,Shared/Split Screen PvP,1870800
1140,1140.0,1140.0,4.0,,,24,Shared/Split Screen,1870800
1141,1141.0,1141.0,5.0,,,22,Steam Achievements,1870800
1142,1142.0,1142.0,6.0,,,28,Full controller support,1870800
1143,1143.0,1143.0,7.0,,,44,Remote Play Together,1870800
1144,1144.0,1144.0,0.0,,,22,Steam Achievements,1870810
1145,1145.0,1145.0,0.0,,,2,Single-player,1870820
1146,1146.0,1146.0,1.0,,,10,Game demo,1870820
1147,1147.0,1147.0,2.0,,,18,Partial Controller Support,1870820
1148,1148.0,1148.0,0.0,,,2,Single-player,1870830
1149,1149.0,1149.0,1.0,,,1,Multi-player,1870830
1150,1150.0,1150.0,2.0,,,9,Co-op,1870830
1151,1151.0,1151.0,3.0,,,38,Online Co-op,1870830
1152,1152.0,1152.0,4.0,,,48,LAN Co-op,1870830
1153,1153.0,1153.0,5.0,,,39,Shared/Split Screen Co-op,1870830
1154,1154.0,1154.0,6.0,,,24,Shared/Split Screen,1870830
1155,1155.0,1155.0,7.0,,,27,Cross-Platform Multiplayer,1870830
1156,1156.0,1156.0,8.0,,,21,Downloadable Content,1870830
1157,1157.0,1157.0,9.0,,,18,Partial Controller Support,1870830
1158,1158.0,1158.0,0.0,,,2,Single-player,1870850
1159,1159.0,1159.0,0.0,,,2,Single-player,1870910
1160,1160.0,1160.0,1.0,,,22,Steam Achievements,1870910
1161,1161.0,1161.0,0.0,,,2,Single-player,1870950
1162,1162.0,1162.0,1.0,,,1,Multi-player,1870950
1163,1163.0,1163.0,2.0,,,9,Co-op,1870950
1164,1164.0,1164.0,3.0,,,39,Shared/Split Screen Co-op,1870950
1165,1165.0,1165.0,4.0,,,24,Shared/Split Screen,1870950
1166,1166.0,1166.0,5.0,,,21,Downloadable Content,1870950
1167,1167.0,1167.0,6.0,,,22,Steam Achievements,1870950
1168,1168.0,1168.0,7.0,,,28,Full controller support,1870950
1169,1169.0,1169.0,8.0,,,15,Stats,1870950
1170,1170.0,1170.0,9.0,,,43,Remote Play on TV,1870950
1171,1171.0,1171.0,10.0,,,44,Remote Play Together,1870950
1172,1172.0,1172.0,0.0,,,2,Single-player,1870970
1173,1173.0,1173.0,0.0,,,2,Single-player,1870020
1174,1174.0,1174.0,1.0,,,22,Steam Achievements,1870020
1175,1175.0,1175.0,0.0,,,21,Downloadable Content,1870060
1176,1176.0,1176.0,1.0,,,44,Remote Play Together,1870060
1177,1177.0,1177.0,0.0,,,2,Single-player,1870080
1178,1178.0,1178.0,1.0,,,1,Multi-player,1870080
1179,1179.0,1179.0,2.0,,,9,Co-op,1870080
1180,1180.0,1180.0,3.0,,,38,Online Co-op,1870080
1181,1181.0,1181.0,4.0,,,21,Downloadable Content,1870080
1182,1182.0,1182.0,5.0,,,22,Steam Achievements,1870080
1183,1183.0,1183.0,6.0,,,28,Full controller support,1870080
1184,1184.0,1184.0,7.0,,,23,Steam Cloud,1870080
1185,1185.0,1185.0,0.0,,,2,Single-player,1870120
1186,1186.0,1186.0,1.0,,,21,Downloadable Content,1870120
1187,1187.0,1187.0,2.0,,,22,Steam Achievements,1870120
1188,1188.0,1188.0,3.0,,,18,Partial Controller Support,1870120
1189,1189.0,1189.0,4.0,,,23,Steam Cloud,1870120
1190,1190.0,1190.0,0.0,,,2,Single-player,1870121
1191,1191.0,1191.0,1.0,,,21,Downloadable Content,1870121
1192,1192.0,1192.0,2.0,,,22,Steam Achievements,1870121
1193,1193.0,1193.0,3.0,,,18,Partial Controller Support,1870121
1194,1194.0,1194.0,4.0,,,23,Steam Cloud,1870121
1195,1195.0,1195.0,0.0,,,2,Single-player,1870170
1196,1196.0,1196.0,1.0,,,22,Steam Achievements,1870170
1197,1197.0,1197.0,2.0,,,28,Full controller support,1870170
1198,1198.0,1198.0,0.0,,,2,Single-player,1870180
1199,1199.0,1199.0,1.0,,,22,Steam Achievements,1870180
1200,1200.0,1200.0,0.0,,,2,Single-player,1870190
1201,1201.0,1201.0,0.0,,,2,Single-player,1870210
1202,1202.0,1202.0,0.0,,,2,Single-player,1870280
1203,1203.0,1203.0,1.0,,,1,Multi-player,1870280
1204,1204.0,1204.0,2.0,,,49,PvP,1870280
1205,1205.0,1205.0,3.0,,,36,Online PvP,1870280
1206,1206.0,1206.0,0.0,,,2,Single-player,1870310
1207,1207.0,1207.0,0.0,,,2,Single-player,1870320
1208,1208.0,1208.0,1.0,,,1,Multi-player,1870320
1209,1209.0,1209.0,2.0,,,20,MMO,1870320
1210,1210.0,1210.0,3.0,,,49,PvP,1870320
1211,1211.0,1211.0,4.0,,,36,Online PvP,1870320
1212,1212.0,1212.0,5.0,,,9,Co-op,1870320
1213,1213.0,1213.0,6.0,,,38,Online Co-op,1870320
1214,1214.0,1214.0,0.0,,,2,Single-player,1870330
1215,1215.0,1215.0,0.0,,,1,Multi-player,1870370
1216,1216.0,1216.0,1.0,,,20,MMO,1870370
1217,1217.0,1217.0,2.0,,,49,PvP,1870370
1218,1218.0,1218.0,3.0,,,36,Online PvP,1870370
1219,1219.0,1219.0,4.0,,,9,Co-op,1870370
1220,1220.0,1220.0,5.0,,,38,Online Co-op,1870370
1221,1221.0,1221.0,6.0,,,27,Cross-Platform Multiplayer,1870370
1222,1222.0,1222.0,7.0,,,35,In-App Purchases,1870370
1223,1223.0,1223.0,0.0,,,2,Single-player,1870390
1224,1224.0,1224.0,1.0,,,22,Steam Achievements,1870390
1225,1225.0,1225.0,0.0,,,2,Single-player,1870400
1226,1226.0,1226.0,1.0,,,22,Steam Achievements,1870400
1227,1227.0,1227.0,0.0,,,2,Single-player,1870410
1228,1228.0,1228.0,1.0,,,22,Steam Achievements,1870410
1229,1229.0,1229.0,0.0,,,2,Single-player,1870430
1230,1230.0,1230.0,1.0,,,22,Steam Achievements,1870430
1231,1231.0,1231.0,2.0,,,23,Steam Cloud,1870430
1232,1232.0,1232.0,0.0,,,2,Single-player,1870440
1233,1233.0,1233.0,0.0,,,2,Single-player,1870450
1234,1234.0,1234.0,1.0,,,10,Game demo,1870450
1235,1235.0,1235.0,2.0,,,28,Full controller support,1870450
1236,1236.0,1236.0,0.0,,,2,Single-player,1870460
1237,1237.0,1237.0,1.0,,,28,Full controller support,1870460
1238,1238.0,1238.0,0.0,,,2,Single-player,1869570
1239,1239.0,1239.0,0.0,,,2,Single-player,1869620
1240,1240.0,1240.0,1.0,,,22,Steam Achievements,1869620
1241,1241.0,1241.0,0.0,,,2,Single-player,1869630
1242,1242.0,1242.0,0.0,,,2,Single-player,1869680
1243,1243.0,1243.0,1.0,,,22,Steam Achievements,1869680
1244,1244.0,1244.0,2.0,,,18,Partial Controller Support,1869680
1245,1245.0,1245.0,0.0,,,2,Single-player,1869690
1246,1246.0,1246.0,1.0,,,22,Steam Achievements,1869690
1247,1247.0,1247.0,2.0,,,28,Full controller support,1869690
1248,1248.0,1248.0,0.0,,,2,Single-player,1869710
1249,1249.0,1249.0,0.0,,,21,Downloadable Content,1869720
1250,1250.0,1250.0,1.0,,,29,Steam Trading Cards,1869720
1251,1251.0,1251.0,2.0,,,30,Steam Workshop,1869720
1252,1252.0,1252.0,0.0,,,21,Downloadable Content,1869730
1253,1253.0,1253.0,1.0,,,29,Steam Trading Cards,1869730
1254,1254.0,1254.0,2.0,,,30,Steam Workshop,1869730
1255,1255.0,1255.0,3.0,,,18,Partial Controller Support,1869730
1256,1256.0,1256.0,0.0,,,21,Downloadable Content,1869731
1257,1257.0,1257.0,1.0,,,29,Steam Trading Cards,1869731
1258,1258.0,1258.0,2.0,,,30,Steam Workshop,1869731
1259,1259.0,1259.0,3.0,,,18,Partial Controller Support,1869731
1260,1260.0,1260.0,0.0,,,21,Downloadable Content,1869740
1261,1261.0,1261.0,1.0,,,30,Steam Workshop,1869740
1262,1262.0,1262.0,2.0,,,18,Partial Controller Support,1869740
1263,1263.0,1263.0,0.0,,,21,Downloadable Content,1869750
1264,1264.0,1264.0,1.0,,,30,Steam Workshop,1869750
1265,1265.0,1265.0,2.0,,,18,Partial Controller Support,1869750
1266,1266.0,1266.0,0.0,,,21,Downloadable Content,1869760
1267,1267.0,1267.0,0.0,,,2,Single-player,1869800
1268,1268.0,1268.0,1.0,,,1,Multi-player,1869800
1269,1269.0,1269.0,2.0,,,9,Co-op,1869800
1270,1270.0,1270.0,3.0,,,38,Online Co-op,1869800
1271,1271.0,1271.0,4.0,,,48,LAN Co-op,1869800
1272,1272.0,1272.0,5.0,,,39,Shared/Split Screen Co-op,1869800
1273,1273.0,1273.0,6.0,,,24,Shared/Split Screen,1869800
1274,1274.0,1274.0,7.0,,,27,Cross-Platform Multiplayer,1869800
1275,1275.0,1275.0,8.0,,,21,Downloadable Content,1869800
1276,1276.0,1276.0,9.0,,,18,Partial Controller Support,1869800
1277,1277.0,1277.0,0.0,,,2,Single-player,1869840
1278,1278.0,1278.0,1.0,,,1,Multi-player,1869840
1279,1279.0,1279.0,2.0,,,9,Co-op,1869840
1280,1280.0,1280.0,3.0,,,38,Online Co-op,1869840
1281,1281.0,1281.0,4.0,,,48,LAN Co-op,1869840
1282,1282.0,1282.0,5.0,,,39,Shared/Split Screen Co-op,1869840
1283,1283.0,1283.0,6.0,,,24,Shared/Split Screen,1869840
1284,1284.0,1284.0,7.0,,,27,Cross-Platform Multiplayer,1869840
1285,1285.0,1285.0,8.0,,,21,Downloadable Content,1869840
1286,1286.0,1286.0,9.0,,,18,Partial Controller Support,1869840
1287,1287.0,1287.0,0.0,,,2,Single-player,1869870
1288,1288.0,1288.0,1.0,,,22,Steam Achievements,1869870
1289,1289.0,1289.0,0.0,,,2,Single-player,1869880
1290,1290.0,1290.0,1.0,,,22,Steam Achievements,1869880
1291,1291.0,1291.0,0.0,,,2,Single-player,1869890
1292,1292.0,1292.0,1.0,,,22,Steam Achievements,1869890
1293,1293.0,1293.0,2.0,,,28,Full controller support,1869890
1294,1294.0,1294.0,3.0,,,25,Steam Leaderboards,1869890
1295,1295.0,1295.0,0.0,,,2,Single-player,1869900
1296,1296.0,1296.0,1.0,,,22,Steam Achievements,1869900
1297,1297.0,1297.0,0.0,,,2,Single-player,1869910
1298,1298.0,1298.0,1.0,,,21,Downloadable Content,1869910
1299,1299.0,1299.0,2.0,,,22,Steam Achievements,1869910
1300,1300.0,1300.0,0.0,,,50,Additional High-Quality Audio,1869950
1301,1301.0,1301.0,0.0,,,2,Single-player,1869980
1302,1302.0,1302.0,1.0,,,23,Steam Cloud,1869980
1303,1303.0,1303.0,0.0,,,2,Single-player,1869990
1304,1304.0,1304.0,0.0,,,2,Single-player,1869220
1305,1305.0,1305.0,0.0,,,10,Game demo,1869240
1306,1306.0,1306.0,0.0,,,2,Single-player,1869280
1307,1307.0,1307.0,0.0,,,2,Single-player,1869310
1308,1308.0,1308.0,0.0,,,2,Single-player,1869330
1309,1309.0,1309.0,1.0,,,22,Steam Achievements,1869330
1310,1310.0,1310.0,2.0,,,25,Steam Leaderboards,1869330
1311,1311.0,1311.0,0.0,,,2,Single-player,1869340
1312,1312.0,1312.0,1.0,,,10,Game demo,1869340
1313,1313.0,1313.0,2.0,,,23,Steam Cloud,1869340
1314,1314.0,1314.0,0.0,,,2,Single-player,1869350
1315,1315.0,1315.0,1.0,,,1,Multi-player,1869350
1316,1316.0,1316.0,2.0,,,49,PvP,1869350
1317,1317.0,1317.0,3.0,,,36,Online PvP,1869350
1318,1318.0,1318.0,4.0,,,21,Downloadable Content,1869350
1319,1319.0,1319.0,5.0,,,35,In-App Purchases,1869350
1320,1320.0,1320.0,6.0,,,42,Remote Play on Tablet,1869350
1321,1321.0,1321.0,0.0,,,2,Single-player,1869370
1322,1322.0,1322.0,0.0,,,2,Single-player,1869390
1323,1323.0,1323.0,1.0,,,21,Downloadable Content,1869390
1324,1324.0,1324.0,2.0,,,22,Steam Achievements,1869390
1325,1325.0,1325.0,3.0,,,28,Full controller support,1869390
1326,1326.0,1326.0,4.0,,,29,Steam Trading Cards,1869390
1327,1327.0,1327.0,5.0,,,30,Steam Workshop,1869390
1328,1328.0,1328.0,6.0,,,35,In-App Purchases,1869390
1329,1329.0,1329.0,7.0,,,23,Steam Cloud,1869390
1330,1330.0,1330.0,8.0,,,25,Steam Leaderboards,1869390
1331,1331.0,1331.0,0.0,,,2,Single-player,1869410
1332,1332.0,1332.0,1.0,,,21,Downloadable Content,1869410
1333,1333.0,1333.0,2.0,,,22,Steam Achievements,1869410
1334,1334.0,1334.0,3.0,,,23,Steam Cloud,1869410
1335,1335.0,1335.0,0.0,,,1,Multi-player,1869430
1336,1336.0,1336.0,1.0,,,49,PvP,1869430
1337,1337.0,1337.0,2.0,,,36,Online PvP,1869430
1338,1338.0,1338.0,0.0,,,2,Single-player,1869460
1339,1339.0,1339.0,0.0,,,2,Single-player,1869490
1340,1340.0,1340.0,1.0,,,18,Partial Controller Support,1869490
1341,1341.0,1341.0,0.0,,,2,Single-player,1869510
1342,1342.0,1342.0,1.0,,,1,Multi-player,1869510
1343,1343.0,1343.0,2.0,,,49,PvP,1869510
1344,1344.0,1344.0,3.0,,,37,Shared/Split Screen PvP,1869510
1345,1345.0,1345.0,4.0,,,24,Shared/Split Screen,1869510
1346,1346.0,1346.0,0.0,,,50,Additional High-Quality Audio,1869540
1347,1347.0,1347.0,0.0,,,2,Single-player,1869550
1348,1348.0,1348.0,1.0,,,10,Game demo,1869550
1349,1349.0,1349.0,0.0,,,2,Single-player,1869560
1350,1350.0,1350.0,1.0,,,28,Full controller support,1869560
1351,1351.0,1351.0,0.0,,,1,Multi-player,1868740
1352,1352.0,1352.0,1.0,,,49,PvP,1868740
1353,1353.0,1353.0,2.0,,,36,Online PvP,1868740
1354,1354.0,1354.0,3.0,,,37,Shared/Split Screen PvP,1868740
1355,1355.0,1355.0,4.0,,,24,Shared/Split Screen,1868740
1356,1356.0,1356.0,5.0,,,10,Game demo,1868740
1357,1357.0,1357.0,6.0,,,28,Full controller support,1868740
1358,1358.0,1358.0,0.0,,,2,Single-player,1868750
1359,1359.0,1359.0,1.0,,,22,Steam Achievements,1868750
1360,1360.0,1360.0,2.0,,,18,Partial Controller Support,1868750
1361,1361.0,1361.0,0.0,,,2,Single-player,1868780
1362,1362.0,1362.0,1.0,,,10,Game demo,1868780
1363,1363.0,1363.0,2.0,,,22,Steam Achievements,1868780
1364,1364.0,1364.0,0.0,,,2,Single-player,1868800
1365,1365.0,1365.0,0.0,,,2,Single-player,1868820
1366,1366.0,1366.0,1.0,,,23,Steam Cloud,1868820
1367,1367.0,1367.0,0.0,,,2,Single-player,1868830
1368,1368.0,1368.0,1.0,,,10,Game demo,1868830
1369,1369.0,1369.0,0.0,,,2,Single-player,1868840
1370,1370.0,1370.0,0.0,,,2,Single-player,1868850
1371,1371.0,1371.0,0.0,,,2,Single-player,1868870
1372,1372.0,1372.0,0.0,,,2,Single-player,1868930
1373,1373.0,1373.0,1.0,,,10,Game demo,1868930
1374,1374.0,1374.0,0.0,,,50,Additional High-Quality Audio,1868940
1375,1375.0,1375.0,0.0,,,50,Additional High-Quality Audio,1868950
1376,1376.0,1376.0,0.0,,,50,Additional High-Quality Audio,1868960
1377,1377.0,1377.0,0.0,,,2,Single-player,1868980
1378,1378.0,1378.0,0.0,,,2,Single-player,1868990
1379,1379.0,1379.0,1.0,,,21,Downloadable Content,1868990
1380,1380.0,1380.0,0.0,,,2,Single-player,1869020
1381,1381.0,1381.0,0.0,,,2,Single-player,1869030
1382,1382.0,1382.0,1.0,,,28,Full controller support,1869030
1383,1383.0,1383.0,0.0,,,1,Multi-player,1869090
1384,1384.0,1384.0,1.0,,,20,MMO,1869090
1385,1385.0,1385.0,2.0,,,49,PvP,1869090
1386,1386.0,1386.0,3.0,,,36,Online PvP,1869090
1387,1387.0,1387.0,4.0,,,9,Co-op,1869090
1388,1388.0,1388.0,5.0,,,38,Online Co-op,1869090
1389,1389.0,1389.0,0.0,,,1,Multi-player,1869170
1390,1390.0,1390.0,1.0,,,49,PvP,1869170
1391,1391.0,1391.0,2.0,,,36,Online PvP,1869170
1392,1392.0,1392.0,3.0,,,15,Stats,1869170
1393,1393.0,1393.0,0.0,,,2,Single-player,1869200
1394,1394.0,1394.0,0.0,,,2,Single-player,1868260
1395,1395.0,1395.0,1.0,,,22,Steam Achievements,1868260
1396,1396.0,1396.0,0.0,,,2,Single-player,1868280
1397,1397.0,1397.0,0.0,,,2,Single-player,1868300
1398,1398.0,1398.0,1.0,,,18,Partial Controller Support,1868300
1399,1399.0,1399.0,2.0,,,23,Steam Cloud,1868300
1400,1400.0,1400.0,0.0,,,2,Single-player,1868310
1401,1401.0,1401.0,1.0,,,22,Steam Achievements,1868310
1402,1402.0,1402.0,2.0,,,28,Full controller support,1868310
1403,1403.0,1403.0,0.0,,,2,Single-player,1868340
1404,1404.0,1404.0,1.0,,,10,Game demo,1868340
1405,1405.0,1405.0,2.0,,,18,Partial Controller Support,1868340
1406,1406.0,1406.0,0.0,,,2,Single-player,1868390
1407,1407.0,1407.0,1.0,,,21,Downloadable Content,1868390
1408,1408.0,1408.0,2.0,,,22,Steam Achievements,1868390
1409,1409.0,1409.0,3.0,,,23,Steam Cloud,1868390
1410,1410.0,1410.0,0.0,,,2,Single-player,1868400
1411,1411.0,1411.0,0.0,,,2,Single-player,1868410
1412,1412.0,1412.0,1.0,,,1,Multi-player,1868410
1413,1413.0,1413.0,2.0,,,9,Co-op,1868410
1414,1414.0,1414.0,3.0,,,38,Online Co-op,1868410
1415,1415.0,1415.0,0.0,,,2,Single-player,1868430
1416,1416.0,1416.0,0.0,,,2,Single-player,1868450
1417,1417.0,1417.0,1.0,,,22,Steam Achievements,1868450
1418,1418.0,1418.0,2.0,,,28,Full controller support,1868450
1419,1419.0,1419.0,0.0,,,2,Single-player,1868460
1420,1420.0,1420.0,1.0,,,22,Steam Achievements,1868460
1421,1421.0,1421.0,2.0,,,28,Full controller support,1868460
1422,1422.0,1422.0,0.0,,,2,Single-player,1868470
1423,1423.0,1423.0,1.0,,,21,Downloadable Content,1868470
1424,1424.0,1424.0,2.0,,,14,Commentary available,1868470
1425,1425.0,1425.0,0.0,,,2,Single-player,1868480
1426,1426.0,1426.0,1.0,,,21,Downloadable Content,1868480
1427,1427.0,1427.0,2.0,,,22,Steam Achievements,1868480
1428,1428.0,1428.0,3.0,,,23,Steam Cloud,1868480
1429,1429.0,1429.0,0.0,,,2,Single-player,1868500
1430,1430.0,1430.0,0.0,,,2,Single-player,1868510
1431,1431.0,1431.0,1.0,,,1,Multi-player,1868510
1432,1432.0,1432.0,2.0,,,49,PvP,1868510
1433,1433.0,1433.0,3.0,,,36,Online PvP,1868510
1434,1434.0,1434.0,4.0,,,23,Steam Cloud,1868510
0,,,,,,2,Single-player,1868530
1,,,,,,10,Game demo,1868530
0,,,,,,2,Single-player,1868540
0,,,,,,2,Single-player,1868550
0,,,,,,2,Single-player,1868600
1,,,,,,1,Multi-player,1868600
2,,,,,,49,PvP,1868600
3,,,,,,37,Shared/Split Screen PvP,1868600
4,,,,,,24,Shared/Split Screen,1868600
5,,,,,,28,Full controller support,1868600
6,,,,,,44,Remote Play Together,1868600
0,,,,,,2,Single-player,1868650
0,,,,,,10,Game demo,1868660
0,,,,,,2,Single-player,1868690
1,,,,,,10,Game demo,1868690
2,,,,,,17,Includes level editor,1868690
0,,,,,,2,Single-player,1868700
1,,,,,,21,Downloadable Content,1868700
0,,,,,,2,Single-player,1868710
1,,,,,,22,Steam Achievements,1868710
0,,,,,,1,Multi-player,1868730
1,,,,,,49,PvP,1868730
2,,,,,,37,Shared/Split Screen PvP,1868730
3,,,,,,24,Shared/Split Screen,1868730
4,,,,,,27,Cross-Platform Multiplayer,1868730
5,,,,,,44,Remote Play Together,1868730
0,,,,,,2,Single-player,1867868
1,,,,,,1,Multi-player,1867868
2,,,,,,49,PvP,1867868
3,,,,,,36,Online PvP,1867868
4,,,,,,37,Shared/Split Screen PvP,1867868
5,,,,,,9,Co-op,1867868
6,,,,,,38,Online Co-op,1867868
7,,,,,,39,Shared/Split Screen Co-op,1867868
8,,,,,,24,Shared/Split Screen,1867868
9,,,,,,21,Downloadable Content,1867868
10,,,,,,22,Steam Achievements,1867868
11,,,,,,29,Steam Trading Cards,1867868
12,,,,,,35,In-App Purchases,1867868
13,,,,,,18,Partial Controller Support,1867868
14,,,,,,23,Steam Cloud,1867868
15,,,,,,44,Remote Play Together,1867868
0,,,,,,2,Single-player,1867869
1,,,,,,1,Multi-player,1867869
2,,,,,,49,PvP,1867869
3,,,,,,36,Online PvP,1867869
4,,,,,,37,Shared/Split Screen PvP,1867869
5,,,,,,9,Co-op,1867869
6,,,,,,38,Online Co-op,1867869
7,,,,,,39,Shared/Split Screen Co-op,1867869
8,,,,,,24,Shared/Split Screen,1867869
9,,,,,,21,Downloadable Content,1867869
10,,,,,,22,Steam Achievements,1867869
11,,,,,,29,Steam Trading Cards,1867869
12,,,,,,35,In-App Purchases,1867869
13,,,,,,18,Partial Controller Support,1867869
14,,,,,,23,Steam Cloud,1867869
15,,,,,,44,Remote Play Together,1867869
0,,,,,,2,Single-player,1867870
1,,,,,,1,Multi-player,1867870
2,,,,,,49,PvP,1867870
3,,,,,,36,Online PvP,1867870
4,,,,,,37,Shared/Split Screen PvP,1867870
5,,,,,,9,Co-op,1867870
6,,,,,,38,Online Co-op,1867870
7,,,,,,39,Shared/Split Screen Co-op,1867870
8,,,,,,24,Shared/Split Screen,1867870
9,,,,,,21,Downloadable Content,1867870
10,,,,,,22,Steam Achievements,1867870
11,,,,,,29,Steam Trading Cards,1867870
12,,,,,,35,In-App Purchases,1867870
13,,,,,,18,Partial Controller Support,1867870
14,,,,,,23,Steam Cloud,1867870
15,,,,,,44,Remote Play Together,1867870
0,,,,,,2,Single-player,1867871
1,,,,,,1,Multi-player,1867871
2,,,,,,49,PvP,1867871
3,,,,,,36,Online PvP,1867871
4,,,,,,37,Shared/Split Screen PvP,1867871
5,,,,,,9,Co-op,1867871
6,,,,,,38,Online Co-op,1867871
7,,,,,,39,Shared/Split Screen Co-op,1867871
8,,,,,,24,Shared/Split Screen,1867871
9,,,,,,21,Downloadable Content,1867871
10,,,,,,22,Steam Achievements,1867871
11,,,,,,29,Steam Trading Cards,1867871
12,,,,,,35,In-App Purchases,1867871
13,,,,,,18,Partial Controller Support,1867871
14,,,,,,23,Steam Cloud,1867871
15,,,,,,44,Remote Play Together,1867871
0,,,,,,2,Single-player,1867872
1,,,,,,1,Multi-player,1867872
2,,,,,,49,PvP,1867872
3,,,,,,36,Online PvP,1867872
4,,,,,,37,Shared/Split Screen PvP,1867872
5,,,,,,9,Co-op,1867872
6,,,,,,38,Online Co-op,1867872
7,,,,,,39,Shared/Split Screen Co-op,1867872
8,,,,,,24,Shared/Split Screen,1867872
9,,,,,,21,Downloadable Content,1867872
10,,,,,,22,Steam Achievements,1867872
11,,,,,,29,Steam Trading Cards,1867872
12,,,,,,35,In-App Purchases,1867872
13,,,,,,18,Partial Controller Support,1867872
14,,,,,,23,Steam Cloud,1867872
15,,,,,,44,Remote Play Together,1867872
0,,,,,,2,Single-player,1867873
1,,,,,,1,Multi-player,1867873
2,,,,,,49,PvP,1867873
3,,,,,,36,Online PvP,1867873
4,,,,,,37,Shared/Split Screen PvP,1867873
5,,,,,,9,Co-op,1867873
6,,,,,,38,Online Co-op,1867873
7,,,,,,39,Shared/Split Screen Co-op,1867873
8,,,,,,24,Shared/Split Screen,1867873
9,,,,,,21,Downloadable Content,1867873
10,,,,,,22,Steam Achievements,1867873
11,,,,,,29,Steam Trading Cards,1867873
12,,,,,,35,In-App Purchases,1867873
13,,,,,,18,Partial Controller Support,1867873
14,,,,,,23,Steam Cloud,1867873
15,,,,,,44,Remote Play Together,1867873
0,,,,,,2,Single-player,1867874
1,,,,,,1,Multi-player,1867874
2,,,,,,49,PvP,1867874
3,,,,,,36,Online PvP,1867874
4,,,,,,37,Shared/Split Screen PvP,1867874
5,,,,,,9,Co-op,1867874
6,,,,,,38,Online Co-op,1867874
7,,,,,,39,Shared/Split Screen Co-op,1867874
8,,,,,,24,Shared/Split Screen,1867874
9,,,,,,21,Downloadable Content,1867874
10,,,,,,22,Steam Achievements,1867874
11,,,,,,29,Steam Trading Cards,1867874
12,,,,,,35,In-App Purchases,1867874
13,,,,,,18,Partial Controller Support,1867874
14,,,,,,23,Steam Cloud,1867874
15,,,,,,44,Remote Play Together,1867874
0,,,,,,2,Single-player,1867875
1,,,,,,1,Multi-player,1867875
2,,,,,,49,PvP,1867875
3,,,,,,36,Online PvP,1867875
4,,,,,,37,Shared/Split Screen PvP,1867875
5,,,,,,9,Co-op,1867875
6,,,,,,38,Online Co-op,1867875
7,,,,,,39,Shared/Split Screen Co-op,1867875
8,,,,,,24,Shared/Split Screen,1867875
9,,,,,,21,Downloadable Content,1867875
10,,,,,,22,Steam Achievements,1867875
11,,,,,,29,Steam Trading Cards,1867875
12,,,,,,35,In-App Purchases,1867875
13,,,,,,18,Partial Controller Support,1867875
14,,,,,,23,Steam Cloud,1867875
15,,,,,,44,Remote Play Together,1867875
0,,,,,,2,Single-player,1867876
1,,,,,,1,Multi-player,1867876
2,,,,,,49,PvP,1867876
3,,,,,,36,Online PvP,1867876
4,,,,,,37,Shared/Split Screen PvP,1867876
5,,,,,,9,Co-op,1867876
6,,,,,,38,Online Co-op,1867876
7,,,,,,39,Shared/Split Screen Co-op,1867876
8,,,,,,24,Shared/Split Screen,1867876
9,,,,,,21,Downloadable Content,1867876
10,,,,,,22,Steam Achievements,1867876
11,,,,,,29,Steam Trading Cards,1867876
12,,,,,,35,In-App Purchases,1867876
13,,,,,,18,Partial Controller Support,1867876
14,,,,,,23,Steam Cloud,1867876
15,,,,,,44,Remote Play Together,1867876
0,,,,,,2,Single-player,1867877
1,,,,,,1,Multi-player,1867877
2,,,,,,49,PvP,1867877
3,,,,,,36,Online PvP,1867877
4,,,,,,37,Shared/Split Screen PvP,1867877
5,,,,,,9,Co-op,1867877
6,,,,,,38,Online Co-op,1867877
7,,,,,,39,Shared/Split Screen Co-op,1867877
8,,,,,,24,Shared/Split Screen,1867877
9,,,,,,21,Downloadable Content,1867877
10,,,,,,22,Steam Achievements,1867877
11,,,,,,29,Steam Trading Cards,1867877
12,,,,,,35,In-App Purchases,1867877
13,,,,,,18,Partial Controller Support,1867877
14,,,,,,23,Steam Cloud,1867877
15,,,,,,44,Remote Play Together,1867877
0,,,,,,2,Single-player,1867878
1,,,,,,1,Multi-player,1867878
2,,,,,,49,PvP,1867878
3,,,,,,36,Online PvP,1867878
4,,,,,,37,Shared/Split Screen PvP,1867878
5,,,,,,9,Co-op,1867878
6,,,,,,38,Online Co-op,1867878
7,,,,,,39,Shared/Split Screen Co-op,1867878
8,,,,,,24,Shared/Split Screen,1867878
9,,,,,,21,Downloadable Content,1867878
10,,,,,,22,Steam Achievements,1867878
11,,,,,,29,Steam Trading Cards,1867878
12,,,,,,35,In-App Purchases,1867878
13,,,,,,18,Partial Controller Support,1867878
14,,,,,,23,Steam Cloud,1867878
15,,,,,,44,Remote Play Together,1867878
0,,,,,,2,Single-player,1867879
1,,,,,,1,Multi-player,1867879
2,,,,,,49,PvP,1867879
3,,,,,,36,Online PvP,1867879
4,,,,,,37,Shared/Split Screen PvP,1867879
5,,,,,,9,Co-op,1867879
6,,,,,,38,Online Co-op,1867879
7,,,,,,39,Shared/Split Screen Co-op,1867879
8,,,,,,24,Shared/Split Screen,1867879
9,,,,,,21,Downloadable Content,1867879
10,,,,,,22,Steam Achievements,1867879
11,,,,,,29,Steam Trading Cards,1867879
12,,,,,,35,In-App Purchases,1867879
13,,,,,,18,Partial Controller Support,1867879
14,,,,,,23,Steam Cloud,1867879
15,,,,,,44,Remote Play Together,1867879
0,,,,,,2,Single-player,1867880
1,,,,,,1,Multi-player,1867880
2,,,,,,49,PvP,1867880
3,,,,,,36,Online PvP,1867880
4,,,,,,37,Shared/Split Screen PvP,1867880
5,,,,,,9,Co-op,1867880
6,,,,,,38,Online Co-op,1867880
7,,,,,,39,Shared/Split Screen Co-op,1867880
8,,,,,,24,Shared/Split Screen,1867880
9,,,,,,21,Downloadable Content,1867880
10,,,,,,22,Steam Achievements,1867880
11,,,,,,29,Steam Trading Cards,1867880
12,,,,,,35,In-App Purchases,1867880
13,,,,,,18,Partial Controller Support,1867880
14,,,,,,23,Steam Cloud,1867880
15,,,,,,44,Remote Play Together,1867880
0,,,,,,2,Single-player,1867881
1,,,,,,1,Multi-player,1867881
2,,,,,,49,PvP,1867881
3,,,,,,36,Online PvP,1867881
4,,,,,,37,Shared/Split Screen PvP,1867881
5,,,,,,9,Co-op,1867881
6,,,,,,38,Online Co-op,1867881
7,,,,,,39,Shared/Split Screen Co-op,1867881
8,,,,,,24,Shared/Split Screen,1867881
9,,,,,,21,Downloadable Content,1867881
10,,,,,,22,Steam Achievements,1867881
11,,,,,,29,Steam Trading Cards,1867881
12,,,,,,35,In-App Purchases,1867881
13,,,,,,18,Partial Controller Support,1867881
14,,,,,,23,Steam Cloud,1867881
15,,,,,,44,Remote Play Together,1867881
0,,,,,,2,Single-player,1867882
1,,,,,,1,Multi-player,1867882
2,,,,,,49,PvP,1867882
3,,,,,,36,Online PvP,1867882
4,,,,,,37,Shared/Split Screen PvP,1867882
5,,,,,,9,Co-op,1867882
6,,,,,,38,Online Co-op,1867882
7,,,,,,39,Shared/Split Screen Co-op,1867882
8,,,,,,24,Shared/Split Screen,1867882
9,,,,,,21,Downloadable Content,1867882
10,,,,,,22,Steam Achievements,1867882
11,,,,,,29,Steam Trading Cards,1867882
12,,,,,,35,In-App Purchases,1867882
13,,,,,,18,Partial Controller Support,1867882
14,,,,,,23,Steam Cloud,1867882
15,,,,,,44,Remote Play Together,1867882
0,,,,,,50,Additional High-Quality Audio,1867890
0,,,,,,2,Single-player,1867920
1,,,,,,1,Multi-player,1867920
2,,,,,,9,Co-op,1867920
3,,,,,,39,Shared/Split Screen Co-op,1867920
4,,,,,,24,Shared/Split Screen,1867920
5,,,,,,22,Steam Achievements,1867920
6,,,,,,44,Remote Play Together,1867920
0,,,,,,2,Single-player,1867930
1,,,,,,22,Steam Achievements,1867930
2,,,,,,18,Partial Controller Support,1867930
0,,,,,,1,Multi-player,1867940
1,,,,,,49,PvP,1867940
2,,,,,,37,Shared/Split Screen PvP,1867940
3,,,,,,24,Shared/Split Screen,1867940
4,,,,,,28,Full controller support,1867940
5,,,,,,44,Remote Play Together,1867940
0,,,,,,2,Single-player,1867950
1,,,,,,10,Game demo,1867950
0,,,,,,2,Single-player,1867960
1,,,,,,18,Partial Controller Support,1867960
0,,,,,,2,Single-player,1868000
0,,,,,,2,Single-player,1868030
1,,,,,,22,Steam Achievements,1868030
0,,,,,,2,Single-player,1868050
1,,,,,,18,Partial Controller Support,1868050
0,,,,,,2,Single-player,1868060
1,,,,,,22,Steam Achievements,1868060
2,,,,,,23,Steam Cloud,1868060
0,,,,,,1,Multi-player,1868070
1,,,,,,9,Co-op,1868070
2,,,,,,38,Online Co-op,1868070
0,,,,,,2,Single-player,1868080
1,,,,,,28,Full controller support,1868080
0,,,,,,2,Single-player,1868090
1,,,,,,1,Multi-player,1868090
2,,,,,,9,Co-op,1868090
3,,,,,,38,Online Co-op,1868090
4,,,,,,21,Downloadable Content,1868090
5,,,,,,22,Steam Achievements,1868090
6,,,,,,23,Steam Cloud,1868090
7,,,,,,15,Stats,1868090
8,,,,,,25,Steam Leaderboards,1868090
0,,,,,,2,Single-player,1868110
1,,,,,,28,Full controller support,1868110
0,,,,,,2,Single-player,1868120
1,,,,,,1,Multi-player,1868120
2,,,,,,49,PvP,1868120
3,,,,,,36,Online PvP,1868120
4,,,,,,9,Co-op,1868120
5,,,,,,38,Online Co-op,1868120
0,,,,,,2,Single-player,1868150
1,,,,,,21,Downloadable Content,1868150
2,,,,,,22,Steam Achievements,1868150
3,,,,,,30,Steam Workshop,1868150
4,,,,,,15,Stats,1868150
5,,,,,,25,Steam Leaderboards,1868150
6,,,,,,17,Includes level editor,1868150
0,,,,,,2,Single-player,1868190
1,,,,,,21,Downloadable Content,1868190
0,,,,,,2,Single-player,1868200
1,,,,,,21,Downloadable Content,1868200
2,,,,,,22,Steam Achievements,1868200
3,,,,,,28,Full controller support,1868200
4,,,,,,23,Steam Cloud,1868200
0,,,,,,2,Single-player,1868210
1,,,,,,22,Steam Achievements,1868210
0,,,,,,2,Single-player,1868230
1,,,,,,10,Game demo,1868230
2,,,,,,22,Steam Achievements,1868230
0,,,,,,2,Single-player,1867450
1,,,,,,22,Steam Achievements,1867450
2,,,,,,28,Full controller support,1867450
0,,,,,,2,Single-player,1867470
0,,,,,,2,Single-player,1867480
1,,,,,,22,Steam Achievements,1867480
2,,,,,,23,Steam Cloud,1867480
0,,,,,,2,Single-player,1867490
0,,,,,,2,Single-player,1867500
1,,,,,,28,Full controller support,1867500
0,,,,,,2,Single-player,1867510
1,,,,,,28,Full controller support,1867510
0,,,,,,2,Single-player,1867540
0,,,,,,2,Single-player,1867560
1,,,,,,22,Steam Achievements,1867560
0,,,,,,2,Single-player,1867580
1,,,,,,1,Multi-player,1867580
2,,,,,,9,Co-op,1867580
3,,,,,,38,Online Co-op,1867580
4,,,,,,27,Cross-Platform Multiplayer,1867580
5,,,,,,22,Steam Achievements,1867580
0,,,,,,2,Single-player,1867590
1,,,,,,22,Steam Achievements,1867590
2,,,,,,18,Partial Controller Support,1867590
3,,,,,,23,Steam Cloud,1867590
0,,,,,,2,Single-player,1867610
1,,,,,,22,Steam Achievements,1867610
0,,,,,,2,Single-player,1867630
1,,,,,,21,Downloadable Content,1867630
0,,,,,,2,Single-player,1867650
0,,,,,,2,Single-player,1867670
1,,,,,,28,Full controller support,1867670
0,,,,,,2,Single-player,1867680
1,,,,,,21,Downloadable Content,1867680
2,,,,,,22,Steam Achievements,1867680
3,,,,,,28,Full controller support,1867680
4,,,,,,29,Steam Trading Cards,1867680
5,,,,,,23,Steam Cloud,1867680
0,,,,,,2,Single-player,1867690
1,,,,,,21,Downloadable Content,1867690
2,,,,,,22,Steam Achievements,1867690
3,,,,,,28,Full controller support,1867690
4,,,,,,29,Steam Trading Cards,1867690
5,,,,,,23,Steam Cloud,1867690
